KeypointIndex,FrameIndex,X,Y,Variance
2,0,249.667,376.006,4.44738
2,1,248.419,376.096,4.44738
2,2,245.128,374.176,4.44738
6,0,494.557,49.4651,83656.1
6,1,1145.65,298.134,83656.1
6,2,879.622,266.482,83656.1
10,0,255.365,358.522,1.25728
10,1,253.899,360.214,1.25728
10,2,253.433,360.38,1.25728
10,3,253.392,360.392,1.25728
12,0,1557.92,95.2459,485979
12,1,1557.84,95.2036,485979
12,2,1558.16,94.7844,485979
12,3,252.472,1037.18,485979
13,0,248.906,375.793,15.9934
13,1,256.551,380.014,15.9934
13,2,256.859,380.008,15.9934
13,3,257.367,380.774,15.9934
14,0,252.928,959.318,0.0327764
14,1,253.107,959.129,0.0327764
14,2,252.885,959.155,0.0327764
14,3,252.97,959.531,0.0327764
15,0,256.689,979.332,0.372469
15,1,257.827,979.776,0.372469
23,0,284.798,663.298,0.641849
23,1,283.638,664.316,0.641849
23,2,284.065,664.256,0.641849
23,3,283.607,665.107,0.641849
26,0,288.084,998.296,0.248174
26,1,288.785,997.887,0.248174
26,2,289.129,998.08,0.248174
26,3,288.991,997.496,0.248174
27,0,289.303,1034,0.0911712
27,1,289.259,1033.99,0.0911712
27,2,289.203,1034.53,0.0911712
27,3,289.164,1034.64,0.0911712
33,0,1456.21,84.1716,365656
33,1,723.735,1046.51,365656
37,0,319.058,806.421,0.0503507
37,1,318.613,806.481,0.0503507
39,0,313.474,332.711,374928
39,1,1558.54,134.561,374928
39,2,1197.92,886.696,374928
41,0,307.602,1035.05,0.00806295
41,1,307.55,1034.98,0.00806295
41,2,307.462,1035.04,0.00806295
41,3,307.694,1034.98,0.00806295
49,0,313.493,738.515,0.762974
49,1,314.448,738.668,0.762974
49,2,315.901,738.627,0.762974
49,3,314.976,738.572,0.762974
50,0,313.493,738.515,0.762974
50,1,314.448,738.668,0.762974
50,2,315.901,738.627,0.762974
50,3,314.976,738.572,0.762974
54,0,423.255,755.707,26131.2
54,1,318.766,449.754,26131.2
55,0,318.627,867.105,1.24534
55,1,320.649,868.94,1.24534
55,2,318.682,867.723,1.24534
55,3,318.517,867.556,1.24534
58,0,322.988,491.334,0.874473
58,1,324.582,490.406,0.874473
58,2,322.7,491.322,0.874473
60,0,631.709,644.893,26424.8
60,1,956.822,643.969,26424.8
64,0,432.648,665.363,1858.96
64,1,421.868,756.232,1858.96
64,2,422.378,756.202,1858.96
70,0,322.042,429.992,28483.1
70,1,499.798,797.918,28483.1
70,2,423.234,666.843,28483.1
72,0,330.64,939.696,0.0154333
72,1,330.607,939.833,0.0154333
72,2,330.83,939.872,0.0154333
73,0,330.64,939.696,0.0154333
73,1,330.607,939.833,0.0154333
73,2,330.83,939.872,0.0154333
77,0,336.244,897.572,0.331451
77,1,335.111,897.368,0.331451
78,0,847.758,658.882,53383.4
78,1,507.031,971.034,53383.4
86,0,676.733,801.621,0.0186661
86,1,677.005,801.595,0.0186661
92,0,349.592,276.959,0.716225
92,1,349.705,275.27,0.716225
95,0,243.806,541.929,238182
95,1,1083.76,1039.13,238182
99,0,350.832,367.481,0.111668
99,1,350.804,367.625,0.111668
99,2,350.438,367.477,0.111668
99,3,350.441,366.907,0.111668
100,0,350.832,367.481,0.0369337
100,1,350.804,367.625,0.0369337
100,2,350.438,367.477,0.0369337
104,0,347.911,845.846,0.222226
104,1,346.98,845.997,0.222226
110,0,511.868,802.971,0.457803
110,1,511.899,804.345,0.457803
110,2,511.05,803.773,0.457803
110,3,510.976,804.091,0.457803
112,0,359.462,269.213,118712
112,1,1051.71,502.932,118712
112,2,359.056,268.839,118712
116,0,369.802,105.924,0.12404
116,1,369.973,105.553,0.12404
116,2,369.347,106.113,0.12404
124,0,488.654,94.237,2251.82
124,1,379.651,104.147,2251.82
124,2,379.648,103.647,2251.82
124,3,379.199,104.091,2251.82
125,0,381.451,93.9524,446340
125,1,1327.14,1037.35,446340
125,2,1327.19,1037.17,446340
125,3,380.39,93.7974,446340
130,0,390.064,107.39,0.408149
130,1,388.932,107.983,0.408149
136,0,1093.88,636.026,0.0426739
136,1,1093.79,636.23,0.0426739
136,2,1093.53,636.376,0.0426739
138,0,500.167,647.609,37562.3
138,1,361.428,312.815,37562.3
138,2,493.306,738.324,37562.3
143,0,399.314,92.1331,0.0319554
143,1,399.35,91.7773,0.0319554
150,0,405.553,206.313,0.077069
150,1,405.108,206.181,0.077069
150,2,404.953,206.278,0.077069
150,3,404.831,206.242,0.077069
153,0,800.981,826.701,0.0505339
153,1,801.276,826.362,0.0505339
154,0,717.565,775.462,45778.9
154,1,1076.77,1008.02,45778.9
155,0,341.897,960.927,0.99289
155,1,343.864,961.248,0.99289
157,0,402.439,913.21,0.134644
157,1,403.129,913.462,0.134644
158,0,1127.98,491.373,163299
158,1,402.455,947.741,163299
158,2,402.094,947.564,163299
160,0,409.408,384.485,0.0484498
160,1,409.36,384.576,0.0484498
160,2,409.329,384.895,0.0484498
160,3,409.352,385.013,0.0484498
161,0,415.999,74.5224,4.34829
161,1,419.999,73.3432,4.34829
163,0,420.912,91.2518,0.00141375
163,1,420.84,91.2329,0.00141375
171,0,460.614,812.694,0.000558913
171,1,460.653,812.667,0.000558913
172,0,421.595,289.5,0.28622
172,1,421.547,288.332,0.28622
172,2,421.486,288.334,0.28622
172,3,421.402,288.184,0.28622
176,0,500.992,765.923,0.119626
176,1,501.684,765.929,0.119626
177,0,424.759,386.366,0.236988
177,1,424.242,385.546,0.236988
177,2,423.988,385.737,0.236988
177,3,423.754,385.711,0.236988
178,0,424.759,386.366,0.236988
178,1,424.242,385.546,0.236988
178,2,423.988,385.737,0.236988
178,3,423.754,385.711,0.236988
180,0,966.129,983.287,36562
180,1,629.995,756.205,36562
180,2,630.238,755.95,36562
183,0,399.935,706.073,0.758932
183,1,401.677,706.087,0.758932
186,0,713.31,718.727,36.9424
186,1,701.726,722.412,36.9424
187,0,693.272,798.048,0.00176385
187,1,693.356,798.057,0.00176385
188,0,919.629,1026.1,0.172327
188,1,919.406,1026.56,0.172327
188,2,920.088,1025.98,0.172327
188,3,920.252,1026.44,0.172327
193,0,541.147,129.449,15914.9
193,1,432.109,356.981,15914.9
195,0,488.279,802.085,98297.2
195,1,1081.7,1004.66,98297.2
200,0,425.255,755.691,31574.4
200,1,327.785,413.935,31574.4
205,0,395.905,678.538,457.314
205,1,438.226,672.353,457.314
211,0,667.227,807.904,0.00648552
211,1,667.102,808.005,0.00648552
212,0,444.5,370.016,3.22958
212,1,447.612,371.829,3.22958
212,2,447.825,372.217,3.22958
219,0,446.923,391.777,0.882641
219,1,446.873,390.565,0.882641
219,2,446.57,389.719,0.882641
219,3,446.619,389.373,0.882641
225,0,277.153,989.982,2540.12
225,1,359.138,931.341,2540.12
227,0,483.253,810.165,0.863459
227,1,484.711,809.013,0.863459
229,0,400.719,705.86,138333
229,1,1082.04,1004.41,138333
232,0,644.173,631.959,0.164205
232,1,644.653,631.307,0.164205
236,0,451.748,862.039,0.553922
236,1,450.32,861.965,0.553922
236,2,450.329,862.501,0.553922
236,3,449.838,862.232,0.553922
237,0,455.258,391.657,0.0302396
237,1,455.09,391.962,0.0302396
238,0,754.742,871.794,55767.9
238,1,453.774,472.881,55767.9
238,2,454.076,469.566,55767.9
239,0,455.891,368.77,0.0435741
239,1,455.739,369.073,0.0435741
239,2,456.036,369.135,0.0435741
239,3,455.811,369.249,0.0435741
242,0,458.335,1030.78,0.0694724
242,1,457.908,1031.09,0.0694724
248,0,456.075,491.856,0.597638
248,1,455.851,489.995,0.597638
248,2,456.051,490.116,0.597638
248,3,456.08,490.16,0.597638
249,0,467.336,145.817,0.291581
249,1,467.147,145.65,0.291581
249,2,466.591,145.827,0.291581
249,3,465.999,146.043,0.291581
250,0,457.216,910.48,0.0129603
250,1,457.341,910.529,0.0129603
250,2,457.467,910.442,0.0129603
250,3,457.487,910.459,0.0129603
251,0,457.216,910.48,0.0129603
251,1,457.341,910.529,0.0129603
251,2,457.467,910.442,0.0129603
251,3,457.487,910.459,0.0129603
253,0,468.908,231.043,0.400862
253,1,467.785,231.588,0.400862
253,2,467.475,231.413,0.400862
253,3,467.417,231.265,0.400862
256,0,470.12,389.808,0.16488
256,1,469.423,389.42,0.16488
256,2,469.329,389.353,0.16488
266,0,617.084,655.532,0.299477
266,1,616.578,655.868,0.299477
266,2,617.529,654.935,0.299477
273,0,712.162,718.944,10395
273,1,497.937,742.32,10395
273,2,713.76,719.2,10395
277,0,473.49,868.272,0.784496
277,1,472.072,869.352,0.784496
277,2,471.665,869.796,0.784496
277,3,472.204,869.375,0.784496
278,0,479.044,396.856,0.28931
278,1,478.486,396.431,0.28931
278,2,478.06,395.984,0.28931
280,0,478.843,873.609,0.131817
280,1,478.574,873.675,0.131817
280,2,478.307,874.224,0.131817
280,3,478.393,874.254,0.131817
281,0,479.184,901.217,0.0350775
281,1,479.045,901.363,0.0350775
281,2,479.137,901.491,0.0350775
281,3,479.028,901.696,0.0350775
282,0,482.721,423.491,0.107512
282,1,481.882,423.508,0.107512
282,2,482.541,423.324,0.107512
282,3,482.502,423.543,0.107512
285,0,676.885,806.058,0.0363459
285,1,676.796,806.429,0.0363459
290,0,487.991,402.555,0.0959382
290,1,487.858,402.768,0.0959382
290,2,487.614,402.644,0.0959382
290,3,487.203,402.697,0.0959382
292,0,486.904,986.1,0.757388
292,1,486.204,986.71,0.757388
292,2,485.357,987.905,0.757388
292,3,485.929,987.279,0.757388
293,0,486.35,1022.51,0.0195252
293,1,486.61,1022.44,0.0195252
293,2,486.681,1022.35,0.0195252
293,3,486.517,1022.36,0.0195252
296,0,740.819,901.288,0.0392401
296,1,741.036,901.62,0.0392401
302,0,1068.73,960.855,40347.8
302,1,709.738,780.53,40347.8
305,0,496.409,439.317,0.303917
305,1,495.634,440.384,0.303917
305,2,495.702,439.877,0.303917
305,3,495.364,440.118,0.303917
306,0,496.409,439.317,0.303917
306,1,495.634,440.384,0.303917
306,2,495.702,439.877,0.303917
306,3,495.364,440.118,0.303917
308,0,498.18,472.46,0.0731915
308,1,497.675,472.822,0.0731915
308,2,497.834,472.818,0.0731915
313,0,382.141,788.781,0.0671593
313,1,382.624,788.97,0.0671593
314,0,499.961,324.349,0.0293038
314,1,499.792,324.682,0.0293038
314,2,499.736,324.603,0.0293038
318,0,501.064,414.155,0.0978116
318,1,500.816,414.042,0.0978116
318,2,500.828,414.13,0.0978116
318,3,500.275,413.851,0.0978116
323,0,502.205,910.68,0.214818
323,1,501.8,911.187,0.214818
323,2,502.584,911.255,0.214818
323,3,502.284,911.723,0.214818
324,0,501.231,841.863,0.0707903
324,1,501.293,842.29,0.0707903
324,2,500.987,842.434,0.0707903
324,3,501.038,842.431,0.0707903
325,0,509.156,137.121,0.0341757
325,1,509.091,137.177,0.0341757
325,2,508.976,137.102,0.0341757
325,3,508.77,136.881,0.0341757
326,0,503.277,492.451,0.511414
326,1,504.339,493.096,0.511414
326,2,504.594,493.499,0.511414
327,0,572.762,346.447,1246.3
327,1,506.632,321.708,1246.3
330,0,508.004,333.568,0.0420541
330,1,507.829,333.6,0.0420541
330,2,507.763,333.961,0.0420541
331,0,504.709,1016.26,0.00543604
331,1,504.624,1016.13,0.00543604
332,0,511.065,944.001,0.0645139
332,1,510.71,944.365,0.0645139
336,0,516.397,72.3831,68873
336,1,720.371,642.846,68873
336,2,516.38,72.0923,68873
336,3,516.152,72.0078,68873
337,0,516.397,72.3831,0.0316511
337,1,516.41,72.2371,0.0316511
337,2,516.38,72.0923,0.0316511
337,3,516.152,72.0078,0.0316511
338,0,510.634,434.856,0.111297
338,1,510.702,435.639,0.111297
338,2,510.511,435.133,0.111297
342,0,558.876,706.101,0.351616
342,1,558.013,706.997,0.351616
342,2,558.565,705.803,0.351616
342,3,558.694,705.76,0.351616
343,0,549.867,707.673,0.00277244
343,1,549.791,707.745,0.00277244
346,0,514.014,324.918,0.373037
346,1,514.237,325.812,0.373037
346,2,514.333,326.364,0.373037
348,0,513.804,494.48,0.0630819
348,1,513.941,494.401,0.0630819
348,2,513.855,493.95,0.0630819
348,3,513.932,493.959,0.0630819
349,0,589.384,198.301,84921.1
349,1,361.978,831.645,84921.1
349,2,361.519,831.684,84921.1
349,3,362.234,831.711,84921.1
350,0,513.116,762.01,92030.3
350,1,1063.67,1016.98,92030.3
351,0,517.536,338.68,0.0239466
351,1,517.368,338.94,0.0239466
353,0,512.791,951.037,0.0302438
353,1,512.527,951.368,0.0302438
353,2,512.697,951.21,0.0302438
354,0,512.791,951.037,0.0302438
354,1,512.527,951.368,0.0302438
354,2,512.697,951.21,0.0302438
359,0,523.741,87.1517,86933.4
359,1,928.505,515.987,86933.4
361,0,522.131,472.807,0.0150216
361,1,522.179,473.018,0.0150216
361,2,522.123,473.113,0.0150216
361,3,522.166,473.089,0.0150216
362,0,522.131,472.807,0.0150216
362,1,522.179,473.018,0.0150216
362,2,522.123,473.113,0.0150216
362,3,522.166,473.089,0.0150216
365,0,434.947,453.211,36101.5
365,1,346.576,822.801,36101.5
368,0,568.335,598.465,0.389591
368,1,567.092,598.586,0.389591
370,0,520.894,940.105,0.0896916
370,1,521.396,939.676,0.0896916
370,2,521.176,940.166,0.0896916
373,0,523.979,880.134,0.731301
373,1,522.634,878.298,0.731301
373,2,522.959,879.53,0.731301
373,3,522.922,879.744,0.731301
375,0,529.278,92.1932,13512.6
375,1,429.148,341.381,13512.6
375,2,429.031,341.169,13512.6
375,3,428.872,341.113,13512.6
376,0,522.666,1043.8,0.00473392
376,1,522.766,1043.87,0.00473392
376,2,522.633,1043.9,0.00473392
379,0,526.906,650.993,0.0285921
379,1,526.554,651.155,0.0285921
379,2,526.566,651.169,0.0285921
379,3,526.745,651.23,0.0285921
380,0,526.906,650.993,0.0285921
380,1,526.554,651.155,0.0285921
380,2,526.566,651.169,0.0285921
380,3,526.745,651.23,0.0285921
382,0,531.088,222.924,0.0182937
382,1,531.045,222.911,0.0182937
382,2,530.866,222.819,0.0182937
382,3,530.8,222.775,0.0182937
383,0,531.088,222.924,0.0182937
383,1,531.045,222.911,0.0182937
383,2,530.866,222.819,0.0182937
383,3,530.8,222.775,0.0182937
384,0,526.077,961.559,0.166731
384,1,525.427,961.982,0.166731
384,2,525.227,962.149,0.166731
384,3,525.243,961.96,0.166731
391,0,528.509,901.512,0.459955
391,1,529.147,902.681,0.459955
391,2,528.667,902.995,0.459955
391,3,528.378,903.006,0.459955
395,0,534.393,296.852,0.0808819
395,1,533.834,296.958,0.0808819
401,0,537.454,342.118,0.00158099
401,1,537.375,342.125,0.00158099
407,0,532.547,1025.44,0.00989411
407,1,532.509,1025.46,0.00989411
407,2,532.53,1025.46,0.00989411
407,3,532.418,1025.65,0.00989411
408,0,532.547,1025.44,0.00989411
408,1,532.509,1025.46,0.00989411
408,2,532.53,1025.46,0.00989411
408,3,532.418,1025.65,0.00989411
410,0,537.339,343.372,0.26999
410,1,537.328,342.733,0.26999
410,2,537.454,342.118,0.26999
410,3,537.375,342.125,0.26999
414,0,534.981,990.096,0.035965
414,1,535.17,990.425,0.035965
415,0,537.162,689.879,0.127046
415,1,536.937,690.184,0.127046
415,2,537.214,690.249,0.127046
415,3,536.827,690.767,0.127046
416,0,558.135,909.326,0.716656
416,1,558.605,907.801,0.716656
416,2,558.675,907.458,0.716656
417,0,542.461,137.274,0.686946
417,1,543.166,137.631,0.686946
417,2,541.87,136.68,0.686946
417,3,541.453,136.283,0.686946
418,0,542.461,137.274,0.156048
418,1,543.166,137.631,0.156048
421,0,536.663,1034.2,147147
421,1,536.592,1034.5,147147
421,2,1009.43,372.067,147147
423,0,315.826,892.28,255200
423,1,1179.73,368.383,255200
427,0,538.893,798.826,54.4776
427,1,550.254,785.851,54.4776
427,2,539.353,798.187,54.4776
427,3,538.797,798.907,54.4776
438,0,544.669,834.934,0.0165387
438,1,544.456,834.791,0.0165387
441,0,544.086,721.132,1757.06
441,1,544.208,721.013,1757.06
441,2,541.177,632.202,1757.06
442,0,422.063,942.471,0.0896887
442,1,421.811,943.014,0.0896887
447,0,549.087,609.677,0.0469833
447,1,548.904,609.665,0.0469833
447,2,548.767,609.646,0.0469833
447,3,548.919,609.237,0.0469833
449,0,549.046,1043.32,16124.5
449,1,549.044,1043.55,16124.5
449,2,549.018,1043.46,16124.5
449,3,255.988,1032.48,16124.5
451,0,549.201,708.558,4899.07
451,1,628.971,559.874,4899.07
451,2,629.141,559.646,4899.07
451,3,576.692,598.568,4899.07
452,0,550.77,755.394,0.0745855
452,1,550.377,755.774,0.0745855
453,0,550.77,755.394,0.329181
453,1,551.612,755.531,0.329181
453,2,551.682,755.442,0.329181
453,3,550.377,755.774,0.329181
455,0,556.204,107.602,0.0163681
455,1,556.184,107.347,0.0163681
458,0,1083.9,956.922,0.0864931
458,1,1084.4,956.608,0.0864931
459,0,552.709,771.965,0.116266
459,1,553.323,771.668,0.116266
459,2,552.94,772.227,0.116266
463,0,559.042,349.824,0.021046
463,1,558.815,349.92,0.021046
463,2,558.754,349.911,0.021046
463,3,558.663,349.874,0.021046
467,0,557.742,982.316,0.0117188
467,1,557.578,982.175,0.0117188
468,0,557.742,982.316,0.0252091
468,1,557.578,982.175,0.0252091
468,2,557.383,982.288,0.0252091
473,0,562.79,679.486,0.0252427
473,1,562.754,679.394,0.0252427
473,2,562.831,679.761,0.0252427
476,0,563.287,933.754,0.170176
476,1,562.905,934.353,0.170176
476,2,562.911,934.647,0.170176
480,0,913.71,1027.59,192296
480,1,434.097,293.317,192296
482,0,565.137,633.401,0.0453516
482,1,564.859,633.602,0.0453516
482,2,565.173,633.231,0.0453516
482,3,565.164,633.167,0.0453516
483,0,572.764,95.1476,3.52719
483,1,569.434,92.4646,3.52719
483,2,569.261,92.3221,3.52719
483,3,569.572,92.403,3.52719
487,0,509.56,969.967,25171.1
487,1,826.503,985.18,25171.1
488,0,567.414,969.014,0.0205954
488,1,567.257,968.859,0.0205954
488,2,567.495,968.761,0.0205954
493,0,572.762,346.447,86473.9
493,1,989.717,760.504,86473.9
493,2,989.719,760.503,86473.9
493,3,572.707,345.055,86473.9
494,0,627.472,102.919,0.0392603
494,1,627.583,103.3,0.0392603
497,0,573.174,724.895,0.538701
497,1,572.617,725.282,0.538701
497,2,572.57,725.392,0.538701
497,3,571.968,726.501,0.538701
498,0,573.174,724.895,0.538701
498,1,572.617,725.282,0.538701
498,2,572.57,725.392,0.538701
498,3,571.968,726.501,0.538701
499,0,572.724,911.715,0.00767197
499,1,572.715,911.57,0.00767197
499,2,572.649,911.777,0.00767197
499,3,572.759,911.64,0.00767197
503,0,575.856,889.157,0.0638254
503,1,575.529,889.684,0.0638254
503,2,575.91,889.212,0.0638254
503,3,575.72,889.386,0.0638254
505,0,580.697,74.2841,283895
505,1,1591.61,578.819,283895
505,2,580.052,73.5431,283895
507,0,582.13,82.2906,0.20167
507,1,582.923,82.1956,0.20167
507,2,583.197,82.2002,0.20167
507,3,582.988,81.7896,0.20167
510,0,587.042,275.127,0.0564244
510,1,586.921,274.898,0.0564244
510,2,586.669,274.821,0.0564244
510,3,586.535,274.812,0.0564244
511,0,587.042,275.127,0.0564244
511,1,586.921,274.898,0.0564244
511,2,586.669,274.821,0.0564244
511,3,586.535,274.812,0.0564244
516,0,591.146,146.436,0.0135257
516,1,590.98,146.34,0.0135257
516,2,590.974,146.375,0.0135257
516,3,590.865,146.272,0.0135257
519,0,587.435,1015.3,0.0131719
519,1,587.146,1015.24,0.0131719
519,2,587.196,1015.32,0.0131719
519,3,587.233,1015.33,0.0131719
520,0,590.604,91.9682,0.0155527
520,1,590.718,91.9157,0.0155527
520,2,590.705,91.8486,0.0155527
520,3,590.616,91.667,0.0155527
524,0,590.622,828.92,0.120342
524,1,591.298,829.165,0.120342
524,2,591.448,828.909,0.120342
524,3,590.858,829.026,0.120342
526,0,594.062,219.513,0.0823147
526,1,593.959,219.695,0.0823147
526,2,593.632,219.179,0.0823147
526,3,593.571,219.31,0.0823147
529,0,593.891,891.419,290951
529,1,1610.99,531.818,290951
530,0,593.891,891.419,0.175378
530,1,593.228,891.958,0.175378
530,2,593.02,892.102,0.175378
530,3,593.22,891.942,0.175378
535,0,602.309,219.55,0.347386
535,1,602.318,218.557,0.347386
535,2,602.139,218.365,0.347386
535,3,602.09,217.975,0.347386
536,0,601.823,372.926,0.0546543
536,1,601.566,373.034,0.0546543
536,2,601.385,372.796,0.0546543
536,3,601.249,372.835,0.0546543
538,0,605.207,105.709,0.244064
538,1,604.349,105.219,0.244064
543,0,764.787,670.897,0.0259667
543,1,765.107,670.938,0.0259667
544,0,606.08,83.9911,0.103427
544,1,605.83,83.402,0.103427
544,2,605.755,83.293,0.103427
544,3,605.802,83.261,0.103427
547,0,604.9,801.389,0.0410152
547,1,605.063,801.18,0.0410152
547,2,604.798,801.598,0.0410152
554,0,679.299,420.893,14307
554,1,727.36,692.903,14307
554,2,727.738,692.837,14307
554,3,727.912,692.829,14307
557,0,611.215,259.981,0.462034
557,1,611.873,261.421,0.462034
557,2,611.878,261.511,0.462034
557,3,611.749,261.292,0.462034
558,0,611.215,259.981,0.462034
558,1,611.873,261.421,0.462034
558,2,611.878,261.511,0.462034
558,3,611.749,261.292,0.462034
559,0,612.214,224.789,0.016637
559,1,612.152,224.706,0.016637
559,2,612.012,224.591,0.016637
559,3,611.951,224.639,0.016637
560,0,612.214,224.789,0.016637
560,1,612.152,224.706,0.016637
560,2,612.012,224.591,0.016637
560,3,611.951,224.639,0.016637
571,0,936.778,650.111,6480.18
571,1,1070.99,561.191,6480.18
572,0,617.389,117.452,0.0505873
572,1,617.218,117.24,0.0505873
572,2,617.05,117.685,0.0505873
572,3,616.989,117.371,0.0505873
576,0,615.812,789.915,0.135971
576,1,616.554,789.236,0.135971
576,2,616.143,789.567,0.135971
576,3,615.969,789.667,0.135971
586,0,541.751,713.723,74284.9
586,1,621.478,569.977,74284.9
586,2,1203.2,572.965,74284.9
586,3,620.981,570.384,74284.9
587,0,621.655,336.227,0.0273958
587,1,621.737,335.976,0.0273958
587,2,621.553,335.877,0.0273958
597,0,628.769,378.562,0.0097653
597,1,628.732,378.474,0.0097653
597,2,628.651,378.45,0.0097653
597,3,628.567,378.597,0.0097653
599,0,943.931,648.798,0.0195123
599,1,943.718,648.979,0.0195123
600,0,629.441,399.785,0.550486
600,1,628.184,400.343,0.550486
600,2,627.789,400.163,0.550486
603,0,633.349,122.802,0.0223798
603,1,633.388,123.011,0.0223798
603,2,633.205,123.107,0.0223798
604,0,630.624,755.34,6029.32
604,1,676.646,801.674,6029.32
604,2,753.552,896.617,6029.32
607,0,632.941,842.215,25570
607,1,919.398,1026.94,25570
607,2,609.204,927.449,25570
613,0,555.877,697.054,194.016
613,1,535.852,718.68,194.016
613,2,535.723,718.763,194.016
614,0,637.568,315.693,0.0125072
614,1,637.528,315.61,0.0125072
614,2,637.354,315.62,0.0125072
614,3,637.354,315.742,0.0125072
621,0,525.446,785.847,16356
621,1,774.805,842.801,16356
626,0,640.362,217.709,0.0245588
626,1,640.29,217.787,0.0245588
626,2,640.116,217.664,0.0245588
626,3,640.056,217.526,0.0245588
628,0,956.166,503.418,19095.9
628,1,956.117,503.464,19095.9
628,2,639.768,544.179,19095.9
628,3,956.559,503.276,19095.9
630,0,639.925,619.762,1.25987
630,1,639.122,620.398,1.25987
630,2,638.257,621.003,1.25987
630,3,637.627,621.678,1.25987
631,0,639.925,619.762,1.25987
631,1,639.122,620.398,1.25987
631,2,638.257,621.003,1.25987
631,3,637.627,621.678,1.25987
632,0,641.468,875.581,0.175232
632,1,641.717,875.443,0.175232
632,2,640.948,876.071,0.175232
633,0,1570.7,190.142,996.321
633,1,1565.18,123.856,996.321
633,2,1564.64,123.024,996.321
643,0,644.192,573.326,120.66
643,1,628.446,588.647,120.66
645,0,642.712,894.588,0.143007
645,1,641.923,895.005,0.143007
645,2,641.847,894.876,0.143007
645,3,642.096,894.666,0.143007
648,0,781.914,205.425,102864
648,1,377.521,703.343,102864
650,0,648.54,397.113,0.0351363
650,1,648.326,397.034,0.0351363
650,2,648.287,396.899,0.0351363
650,3,648.178,396.762,0.0351363
655,0,653.899,912.203,0.0690463
655,1,654.141,912.035,0.0690463
655,2,653.631,912.135,0.0690463
655,3,653.48,912.042,0.0690463
658,0,655.712,604.073,0.149458
658,1,655.812,604.697,0.149458
658,2,656.276,604.715,0.149458
659,0,655.712,604.073,0.482593
659,1,655.812,604.697,0.482593
659,2,656.276,604.715,0.482593
659,3,657.322,604.711,0.482593
660,0,657.151,392.152,0.0724007
660,1,656.98,392.454,0.0724007
660,2,656.707,392.696,0.0724007
660,3,656.72,392.493,0.0724007
662,0,657.434,510.09,0.0163745
662,1,657.47,509.963,0.0163745
662,2,657.207,509.911,0.0163745
662,3,657.306,509.907,0.0163745
665,0,648.627,955.777,0.134123
665,1,649.063,955.754,0.134123
665,2,649.22,955.941,0.134123
665,3,649.427,956.301,0.134123
666,0,660.325,402.355,0.0394304
666,1,660.575,402.244,0.0394304
666,2,660.444,401.952,0.0394304
672,0,720.889,275.431,0.00538079
672,1,720.857,275.574,0.00538079
674,0,662.269,664.883,0.0392543
674,1,662.297,664.547,0.0392543
674,2,662.165,664.735,0.0392543
674,3,661.983,664.951,0.0392543
675,0,662.269,664.883,0.0392543
675,1,662.297,664.547,0.0392543
675,2,662.165,664.735,0.0392543
675,3,661.983,664.951,0.0392543
677,0,1187.11,699.199,0.0226614
677,1,1187.02,698.912,0.0226614
685,0,670.253,610.567,0.26348
685,1,670.285,610.783,0.26348
685,2,670.527,611.888,0.26348
685,3,670.426,611.052,0.26348
687,0,669.913,671.332,0.091678
687,1,670.181,670.9,0.091678
687,2,670.084,670.729,0.091678
687,3,670.164,670.573,0.091678
688,0,671.808,403.024,0.0791196
688,1,671.233,403.113,0.0791196
688,2,671.203,403.092,0.0791196
700,0,678.988,642.997,0.0213023
700,1,679.004,643.237,0.0213023
700,2,679.168,643.27,0.0213023
700,3,679.221,643.176,0.0213023
704,0,682.046,413.605,0.19214
704,1,681.72,413.559,0.19214
704,2,682.725,414.063,0.19214
704,3,682.471,413.895,0.19214
706,0,680.029,504.484,15321.4
706,1,679.14,505.527,15321.4
706,2,939.677,468.992,15321.4
707,0,602.214,937.068,0.246384
707,1,601.445,937.696,0.246384
708,0,709.464,780.607,13470.2
708,1,478.763,806.253,13470.2
709,0,685.988,331.352,0.0397336
709,1,686.195,331.011,0.0397336
713,0,687.661,426.71,0.0743035
713,1,688.187,426.77,0.0743035
713,2,688.273,426.78,0.0743035
714,0,688.17,319.009,0.0186945
714,1,688.044,319.252,0.0186945
715,0,687.726,394.287,0.0161824
715,1,687.558,394.318,0.0161824
715,2,687.481,394.133,0.0161824
715,3,687.474,394.177,0.0161824
717,0,407.961,1052.3,529467
717,1,1759.01,177.095,529467
717,2,1569.11,163.826,529467
719,0,631.464,836.812,2751.94
719,1,717.126,776.234,2751.94
722,0,691.41,417.284,0.00412496
722,1,691.42,417.425,0.00412496
722,2,691.449,417.375,0.00412496
722,3,691.434,417.277,0.00412496
727,0,693.336,328.22,0.192033
727,1,692.999,329.234,0.192033
727,2,692.983,329.165,0.192033
727,3,692.972,329.084,0.192033
744,0,699.918,911.183,0.0147081
744,1,700.033,911.314,0.0147081
744,2,699.888,911.438,0.0147081
745,0,609.014,591.923,0.0353401
745,1,609.092,592.008,0.0353401
745,2,609.361,592.199,0.0353401
746,0,734.418,766.793,51686.1
746,1,1141.75,968.849,51686.1
748,0,702.704,366.678,0.255045
748,1,702.36,367.955,0.255045
748,2,702.411,367.731,0.255045
748,3,702.382,367.583,0.255045
750,0,700.662,1041.91,0.0111029
750,1,700.683,1042.05,0.0111029
750,2,700.714,1042.16,0.0111029
753,0,705.078,302.544,0.048407
753,1,705.071,302.104,0.048407
754,0,705.078,302.544,0.0404204
754,1,705.071,302.104,0.0404204
754,2,704.975,302.08,0.0404204
754,3,704.899,302.307,0.0404204
758,0,705.546,350.923,0.22311
758,1,705.974,350.243,0.22311
758,2,706.075,349.934,0.22311
759,0,758.968,869.734,51105.5
759,1,705.546,350.923,51105.5
759,2,705.974,350.243,51105.5
759,3,706.075,349.934,51105.5
761,0,704.743,790.524,0.0124531
761,1,704.716,790.746,0.0124531
762,0,707.741,924.44,1.58989
762,1,705.739,926.022,1.58989
762,2,705.633,926.253,1.58989
768,0,1262.78,168.909,281.813
768,1,1262.66,168.429,281.813
768,2,1262.61,169.546,281.813
768,3,1267.83,207.375,281.813
776,0,714.194,368.161,0.0624003
776,1,714.079,367.975,0.0624003
776,2,714.035,367.898,0.0624003
776,3,714.133,367.496,0.0624003
778,0,714.534,392.91,0.0102313
778,1,714.767,392.841,0.0102313
778,2,714.681,392.889,0.0102313
778,3,714.653,392.761,0.0102313
779,0,1347.04,336.99,0.0170809
779,1,1347.3,337.049,0.0170809
780,0,714.534,392.91,0.0102313
780,1,714.767,392.841,0.0102313
780,2,714.681,392.889,0.0102313
780,3,714.653,392.761,0.0102313
783,0,719.575,444.504,7.03405
783,1,713.822,443.678,7.03405
783,2,714.193,443.884,7.03405
786,0,717.739,329.144,0.0167961
786,1,717.72,329.402,0.0167961
788,0,719.291,467.326,0.259182
788,1,719.909,468.136,0.259182
796,0,721.715,471.081,0.926739
796,1,720.866,468.945,0.926739
796,2,721.645,469.722,0.926739
798,0,1183.8,330.497,0.0663868
798,1,1184.23,330.758,0.0663868
798,2,1184.37,330.873,0.0663868
798,3,1184.25,330.758,0.0663868
799,0,614.311,775.709,28858.2
799,1,745.749,675.363,28858.2
799,2,848.349,1010.18,28858.2
800,0,725.051,292.818,5.12385
800,1,724.776,293.015,5.12385
800,2,721.741,294.942,5.12385
800,3,720.567,295.551,5.12385
808,0,1095.59,553.715,39672.1
808,1,668.328,502.138,39672.1
808,2,686.594,489.834,39672.1
815,0,730.306,364.316,0.603899
815,1,732,363.115,0.603899
815,2,731.662,363.475,0.603899
815,3,731.56,363.715,0.603899
816,0,1045.05,1038.56,1.30383
816,1,1042.49,1039.11,1.30383
816,2,1042.92,1038.97,1.30383
821,0,945.69,877.117,0.0763059
821,1,945.853,877.645,0.0763059
822,0,749.36,146.176,1.05198
822,1,747.555,143.945,1.05198
822,2,748.28,145.108,1.05198
822,3,748.105,145.134,1.05198
823,0,732.59,1036.49,0.029263
823,1,732.502,1036.5,0.029263
823,2,732.553,1036.5,0.029263
823,3,732.646,1036.12,0.029263
826,0,736.101,635.575,0.256687
826,1,735.947,635.665,0.256687
826,2,735.053,635.187,0.256687
827,0,735.891,309.825,0.0114496
827,1,735.962,309.757,0.0114496
827,2,735.736,309.761,0.0114496
827,3,735.718,309.762,0.0114496
828,0,735.891,309.825,0.0114496
828,1,735.962,309.757,0.0114496
828,2,735.736,309.761,0.0114496
828,3,735.718,309.762,0.0114496
829,0,736.591,280.647,0.0980203
829,1,736.399,280.295,0.0980203
829,2,736.399,280.046,0.0980203
829,3,736.424,279.835,0.0980203
843,0,744.489,160.118,1448.79
843,1,746.682,241.373,1448.79
843,2,746.588,240.283,1448.79
845,0,748.382,269.175,0.817283
845,1,747.3,270.981,0.817283
845,2,747.793,269.484,0.817283
849,0,923.61,389.334,0.0227231
849,1,923.393,389.124,0.0227231
855,0,362.931,277.277,0.387746
855,1,362.716,278.09,0.387746
855,2,362.659,278.773,0.387746
856,0,772.955,291.275,122.737
856,1,749.875,279.841,122.737
856,2,750.117,279.623,122.737
856,3,750.716,279.168,122.737
862,0,751.951,297.816,0.00295935
862,1,751.923,297.711,0.00295935
863,0,751.951,297.816,0.00295935
863,1,751.923,297.711,0.00295935
867,0,751.12,68.3248,0.0713344
867,1,751.034,67.6471,0.0713344
867,2,751.032,68.2471,0.0713344
867,3,751.042,68.1539,0.0713344
868,0,752.733,397.44,0.107358
868,1,753.099,397.984,0.107358
872,0,966.574,1011.55,0.24221
872,1,967.442,1011.08,0.24221
876,0,752.003,45.1838,0.106497
876,1,752.033,45.0385,0.106497
876,2,752.457,44.9697,0.106497
876,3,751.689,44.6929,0.106497
878,0,755.207,698.112,43476.6
878,1,1090.39,946.215,43476.6
881,0,758.739,747.669,0.00531001
881,1,758.806,747.59,0.00531001
881,2,758.858,747.558,0.00531001
881,3,758.745,747.689,0.00531001
886,0,761.51,321.838,0.0447942
886,1,761.445,321.848,0.0447942
886,2,761.679,321.446,0.0447942
892,0,746.423,211.534,92.3226
892,1,761.481,199.594,92.3226
893,0,761.877,1039.3,0.356299
893,1,761.576,1039.35,0.356299
893,2,761.296,1040.07,0.356299
893,3,760.952,1040.45,0.356299
900,0,763.228,241.443,0.00637784
900,1,763.235,241.602,0.00637784
902,0,762.37,1045.23,0.415751
902,1,763.431,1044.82,0.415751
902,2,763.8,1044.72,0.415751
907,0,637.027,748.388,2235.28
907,1,624.968,842.174,2235.28
909,0,765.33,1043.88,0.0679044
909,1,765.761,1043.67,0.0679044
909,2,765.699,1043.64,0.0679044
909,3,765.265,1043.98,0.0679044
913,0,770.964,310.207,0.303957
913,1,770.248,311.123,0.303957
913,2,770.622,310.802,0.303957
913,3,770.026,311.311,0.303957
914,0,692.02,791.208,383.288
914,1,659.578,813.133,383.288
916,0,864.875,928.977,0.0117489
916,1,864.93,929.186,0.0117489
917,0,771.644,299.637,0.0197871
917,1,771.374,299.716,0.0197871
918,0,772.514,299.341,0.988973
918,1,770.642,300.013,0.988973
922,0,774.267,321.707,0.0109659
922,1,774.132,321.745,0.0109659
922,2,774.299,321.864,0.0109659
922,3,774.257,321.909,0.0109659
923,0,774.267,321.707,0.0109659
923,1,774.132,321.745,0.0109659
923,2,774.299,321.864,0.0109659
923,3,774.257,321.909,0.0109659
924,0,770.029,46.8384,0.38062
924,1,770.236,46.121,0.38062
924,2,770.054,46.1507,0.38062
924,3,770.301,45.1376,0.38062
928,0,774.116,449.425,0.0245749
928,1,774.36,449.154,0.0245749
928,2,774.221,449.146,0.0245749
928,3,774.237,449.088,0.0245749
935,0,1758.93,192.51,159826
935,1,1799.94,991.024,159826
941,0,781.269,180.801,0.0541754
941,1,781.008,181.255,0.0541754
941,2,780.969,181.324,0.0541754
941,3,781.036,181.101,0.0541754
944,0,784.875,664.268,0.117549
944,1,784.576,664.489,0.117549
944,2,784.486,664.818,0.117549
944,3,784.311,664.972,0.117549
945,0,784.486,664.818,0.0136741
945,1,784.311,664.972,0.0136741
946,0,327.965,413.796,33169.1
946,1,492.267,738.883,33169.1
948,0,783.838,772.278,2187.73
948,1,783.812,772.181,2187.73
948,2,873.964,797.277,2187.73
948,3,873.982,797.153,2187.73
949,0,784.429,263.182,0.0836013
949,1,784.144,263.557,0.0836013
949,2,783.989,263.488,0.0836013
949,3,783.868,263.733,0.0836013
952,0,773.038,473.658,94831.2
952,1,1064.75,1016.08,94831.2
956,0,783.673,46.2331,0.19551
956,1,784.153,46.334,0.19551
956,2,784.065,46.2081,0.19551
956,3,783.49,45.463,0.19551
958,0,1606.26,444.897,218.343
958,1,1606.97,444.73,218.343
958,2,1608.58,476.091,218.343
960,0,787.465,271.163,0.373009
960,1,788.906,271.074,0.373009
960,2,788.914,270.937,0.373009
960,3,788.124,270.976,0.373009
963,0,793.006,658.384,0.0841124
963,1,793.137,658.446,0.0841124
963,2,793.151,658.558,0.0841124
963,3,793.372,659.042,0.0841124
964,0,535.255,990.283,0.0312844
964,1,534.981,990.096,0.0312844
964,2,535.17,990.425,0.0312844
967,0,1030.11,980.361,0.500583
967,1,1031.78,979.931,0.500583
967,2,1031.07,980.251,0.500583
977,0,799.514,387.09,0.0168981
977,1,799.489,386.792,0.0168981
977,2,799.391,387.033,0.0168981
977,3,799.416,386.871,0.0168981
979,0,800.758,425.525,0.0219298
979,1,800.41,425.462,0.0219298
979,2,800.635,425.447,0.0219298
980,0,800.675,447.777,0.00845137
980,1,800.688,447.56,0.00845137
980,2,800.66,447.606,0.00845137
980,3,800.762,447.602,0.00845137
985,0,803.63,465.954,0.0351256
985,1,803.411,465.861,0.0351256
985,2,803.397,465.912,0.0351256
985,3,803.417,466.272,0.0351256
987,0,802.347,840.245,0.00209792
987,1,802.434,840.217,0.00209792
988,0,800.923,841.178,0.630669
988,1,801.238,840.999,0.630669
988,2,802.347,840.245,0.630669
988,3,802.434,840.217,0.630669
990,0,806.021,435.154,0.00279404
990,1,806.038,435.046,0.00279404
990,2,806.05,435.152,0.00279404
990,3,806.045,435.182,0.00279404
993,0,806.393,273.114,0.046566
993,1,806.894,273.194,0.046566
993,2,806.886,273.202,0.046566
993,3,806.859,273.106,0.046566
996,0,916.523,907.089,0.223797
996,1,915.764,907.611,0.223797
996,2,915.575,907.566,0.223797
1002,0,812.305,753.014,0.779842
1002,1,812.81,751.244,0.779842
1002,2,812.789,750.988,0.779842
1002,3,812.786,750.929,0.779842
1007,0,814.862,134.7,1.75709
1007,1,813.392,134.892,1.75709
1007,2,811.772,135.641,1.75709
1008,0,814.323,801.925,0.191028
1008,1,814.249,801.938,0.191028
1008,2,815.208,801.863,0.191028
1015,0,815.627,978.452,0.0417016
1015,1,815.713,978.515,0.0417016
1015,2,815.684,978.586,0.0417016
1015,3,815.9,978.124,0.0417016
1016,0,817.807,781.755,0.00598197
1016,1,817.814,781.658,0.00598197
1016,2,817.686,781.773,0.00598197
1017,0,818.536,466.827,0.0287589
1017,1,818.412,467.113,0.0287589
1017,2,818.419,467.203,0.0287589
1017,3,818.359,467.216,0.0287589
1018,0,818.536,466.827,0.0287589
1018,1,818.412,467.113,0.0287589
1018,2,818.419,467.203,0.0287589
1018,3,818.359,467.216,0.0287589
1019,0,815.832,274.252,0.204006
1019,1,816.658,274.334,0.204006
1019,2,816.874,274.374,0.204006
1021,0,817.892,793.825,0.00992635
1021,1,817.933,793.841,0.00992635
1021,2,818.009,793.982,0.00992635
1021,3,817.984,794.032,0.00992635
1022,0,817.892,793.825,0.00992635
1022,1,817.933,793.841,0.00992635
1022,2,818.009,793.982,0.00992635
1022,3,817.984,794.032,0.00992635
1025,0,821.203,475.337,0.00840335
1025,1,821.149,475.216,0.00840335
1025,2,821.104,475.136,0.00840335
1026,0,821.203,475.337,0.00840335
1026,1,821.149,475.216,0.00840335
1026,2,821.104,475.136,0.00840335
1027,0,818.371,826.774,0.0404585
1027,1,817.983,826.882,0.0404585
1033,0,823.705,788.839,0.833358
1033,1,824.449,788.251,0.833358
1033,2,825.308,787.296,0.833358
1045,0,831.5,731.502,0.00208548
1045,1,831.523,731.391,0.00208548
1045,2,831.525,731.458,0.00208548
1045,3,831.49,731.411,0.00208548
1046,0,831.5,731.502,0.00208548
1046,1,831.523,731.391,0.00208548
1046,2,831.525,731.458,0.00208548
1046,3,831.49,731.411,0.00208548
1047,0,831.5,731.502,0.00208548
1047,1,831.523,731.391,0.00208548
1047,2,831.525,731.458,0.00208548
1047,3,831.49,731.411,0.00208548
1048,0,830.835,470.659,0.0168415
1048,1,830.718,470.853,0.0168415
1048,2,830.754,470.806,0.0168415
1048,3,830.855,470.986,0.0168415
1052,0,952.108,528.671,0.0458727
1052,1,952.28,529.031,0.0458727
1052,2,952.406,529.056,0.0458727
1054,0,831.435,796.461,0.0129963
1054,1,831.695,796.557,0.0129963
1054,2,831.588,796.495,0.0129963
1054,3,831.684,796.434,0.0129963
1058,0,832.411,809.169,0.709611
1058,1,832.427,809.309,0.709611
1058,2,833.95,810.008,0.709611
1058,3,833.81,810.117,0.709611
1064,0,834.323,913.786,0.0990129
1064,1,834.641,913.154,0.0990129
1064,2,834.356,913.701,0.0990129
1065,0,835.149,911.658,0.837217
1065,1,834.323,913.786,0.837217
1065,2,834.641,913.154,0.837217
1065,3,834.356,913.701,0.837217
1066,0,835.206,823.822,13.5643
1066,1,830.827,817.899,13.5643
1068,0,835.177,289.691,23200.3
1068,1,834.714,289.641,23200.3
1068,2,834.818,289.644,23200.3
1068,3,1184.25,330.758,23200.3
1069,0,837.419,477.323,0.00898697
1069,1,837.423,477.118,0.00898697
1069,2,837.472,477.141,0.00898697
1070,0,833.897,1026.57,0.447449
1070,1,834.99,1025.8,0.447449
1071,0,834.861,243.987,0.00121115
1071,1,834.846,243.919,0.00121115
1075,0,839.839,466.246,0.0266829
1075,1,839.744,466.604,0.0266829
1075,2,839.893,466.445,0.0266829
1075,3,839.976,466.295,0.0266829
1076,0,839.839,466.246,0.0266829
1076,1,839.744,466.604,0.0266829
1076,2,839.893,466.445,0.0266829
1076,3,839.976,466.295,0.0266829
1077,0,837.429,1037.33,0.0440625
1077,1,837.161,1037.65,0.0440625
1078,0,836.702,1031.72,0.403241
1078,1,837.627,1030.84,0.403241
1079,0,837.137,1031.17,0.271866
1079,1,836.702,1031.72,0.271866
1079,2,837.627,1030.84,0.271866
1080,0,842.24,488.344,0.159178
1080,1,841.498,488.144,0.159178
1080,2,842.227,487.863,0.159178
1089,0,844.277,427.749,0.2645
1089,1,843.173,427.618,0.2645
1089,2,843.377,427.544,0.2645
1089,3,844.283,427.539,0.2645
1091,0,844.427,431.439,0.106149
1091,1,844.152,431.929,0.106149
1091,2,844.064,431.779,0.106149
1091,3,844.369,431.188,0.106149
1092,0,843.387,835.676,0.0233652
1092,1,843.381,835.822,0.0233652
1092,2,843.586,835.969,0.0233652
1093,0,843.387,835.676,0.0233652
1093,1,843.381,835.822,0.0233652
1093,2,843.586,835.969,0.0233652
1094,0,843.069,853.586,0.0256738
1094,1,843.236,853.312,0.0256738
1097,0,845.627,457.601,0.00817832
1097,1,845.477,457.683,0.00817832
1097,2,845.669,457.606,0.00817832
1099,0,1295.52,424.641,46386.2
1099,1,844.51,351.384,46386.2
1099,2,844.609,351.249,46386.2
1104,0,848.914,471.672,0.00822449
1104,1,848.786,471.826,0.00822449
1104,2,848.886,471.697,0.00822449
1104,3,848.942,471.817,0.00822449
1109,0,848.019,294.334,0.0208618
1109,1,848.265,294.486,0.0208618
1111,0,1142.31,967.987,78834.4
1111,1,615.001,774.888,78834.4
1115,0,849.689,1024.81,0.170009
1115,1,849.082,1025.41,0.170009
1115,2,849.85,1025.12,0.170009
1118,0,852.791,268.093,547.087
1118,1,816.097,274.4,547.087
1118,2,871.133,258.716,547.087
1118,3,870.923,258.73,547.087
1122,0,854.884,399.415,0.012003
1122,1,855.009,399.606,0.012003
1122,2,855.051,399.578,0.012003
1122,3,855.087,399.597,0.012003
1123,0,855.968,436.272,0.01096
1123,1,855.934,436.057,0.01096
1123,2,855.881,436.016,0.01096
1123,3,855.965,436.076,0.01096
1124,0,855.968,436.272,0.01096
1124,1,855.934,436.057,0.01096
1124,2,855.881,436.016,0.01096
1124,3,855.965,436.076,0.01096
1125,0,855.412,349.929,0.00966317
1125,1,855.541,349.901,0.00966317
1125,2,855.482,349.842,0.00966317
1125,3,855.308,349.813,0.00966317
1128,0,856.687,334.532,0.0216259
1128,1,856.58,334.694,0.0216259
1128,2,856.905,334.691,0.0216259
1128,3,856.862,334.618,0.0216259
1129,0,858.3,322.517,0.067736
1129,1,857.707,322.731,0.067736
1129,2,857.83,322.733,0.067736
1129,3,857.705,322.698,0.067736
1132,0,859.763,833.893,0.0436375
1132,1,859.975,834.08,0.0436375
1132,2,860.098,834.081,0.0436375
1132,3,860.284,834.119,0.0436375
1133,0,854.06,1044.02,0.0793179
1133,1,854.61,1043.9,0.0793179
1134,0,859.344,478.451,0.0391932
1134,1,859.64,478.751,0.0391932
1134,2,859.728,478.791,0.0391932
1134,3,859.515,478.588,0.0391932
1135,0,859.349,467.819,0.157355
1135,1,859.072,467.456,0.157355
1135,2,859.746,468.153,0.157355
1136,0,859.072,467.456,0.237416
1136,1,859.746,468.153,0.237416
1136,2,859.738,468.31,0.237416
1137,0,859.549,1041.82,0.0480357
1137,1,859.963,1041.8,0.0480357
1137,2,859.433,1041.96,0.0480357
1137,3,859.814,1041.9,0.0480357
1139,0,862.288,410.028,0.0811639
1139,1,861.923,409.522,0.0811639
1139,2,861.99,409.531,0.0811639
1140,0,862.288,410.028,0.0811639
1140,1,861.923,409.522,0.0811639
1140,2,861.99,409.531,0.0811639
1144,0,863.175,360.045,0.021051
1144,1,863.248,360.055,0.021051
1144,2,863.234,359.995,0.021051
1144,3,862.908,360.125,0.021051
1145,0,863.175,360.045,0.00170307
1145,1,863.248,360.055,0.00170307
1145,2,863.234,359.995,0.00170307
1151,0,867.897,841.267,0.181082
1151,1,868.203,841.363,0.181082
1151,2,868.344,841.648,0.181082
1151,3,868.872,841.871,0.181082
1153,0,323.075,504.166,0.174344
1153,1,322.905,504.166,0.174344
1153,2,322.147,503.935,0.174344
1159,0,870.097,372.022,0.00211053
1159,1,870.103,372.064,0.00211053
1159,2,870.013,372.012,0.00211053
1159,3,870.034,371.999,0.00211053
1173,0,876.138,860.088,0.468406
1173,1,876.196,858.984,0.468406
1173,2,876.209,858.79,0.468406
1173,3,876.259,860.373,0.468406
1175,0,879.478,375.893,0.0074966
1175,1,879.333,375.78,0.0074966
1175,2,879.357,375.76,0.0074966
1175,3,879.451,375.73,0.0074966
1176,0,880.338,714.036,0.0110919
1176,1,880.245,714.145,0.0110919
1176,2,880.179,714.278,0.0110919
1176,3,880.286,714.196,0.0110919
1179,0,881.49,844.144,0.0242898
1179,1,881.151,844.237,0.0242898
1179,2,881.226,844.08,0.0242898
1179,3,881.127,844.108,0.0242898
1183,0,883.973,328.174,0.0814566
1183,1,884.577,328.267,0.0814566
1183,2,884.526,328.069,0.0814566
1187,0,243.068,518.363,0.072106
1187,1,242.684,517.987,0.072106
1188,0,674.338,848.427,0.0373668
1188,1,674.614,848.199,0.0373668
1188,2,674.679,848.138,0.0373668
1192,0,744.118,867.656,0.0425191
1192,1,744.415,867.318,0.0425191
1192,2,744.206,867.298,0.0425191
1193,0,886.368,940.37,5279.36
1193,1,823.45,809.378,5279.36
1194,0,903.217,447.587,76.3153
1194,1,886.781,459.824,76.3153
1194,2,887.547,459.958,76.3153
1194,3,887.49,460.001,76.3153
1195,0,886.838,460.015,0.132194
1195,1,886.781,459.824,0.132194
1195,2,887.547,459.958,0.132194
1195,3,887.49,460.001,0.132194
1208,0,893.727,931.918,0.479435
1208,1,894.367,931.621,0.479435
1208,2,893.928,931.888,0.479435
1208,3,892.808,932.682,0.479435
1209,0,892.611,821.863,0.328323
1209,1,892.26,820.473,0.328323
1209,2,892.667,821.675,0.328323
1209,3,892.689,821.606,0.328323
1211,0,897.258,752.802,0.0443344
1211,1,896.884,752.604,0.0443344
1211,2,896.773,752.574,0.0443344
1211,3,896.834,752.595,0.0443344
1212,0,894.41,299.457,0.00717691
1212,1,894.262,299.507,0.00717691
1212,2,894.221,299.43,0.00717691
1212,3,894.305,299.375,0.00717691
1215,0,900.608,767.409,0.0267646
1215,1,900.292,767.492,0.0267646
1216,0,900.608,767.409,0.0170239
1216,1,900.559,767.719,0.0170239
1216,2,900.559,767.61,0.0170239
1219,0,902.779,447.516,0.0120781
1219,1,902.571,447.446,0.0120781
1227,0,906.265,836.845,0.0792499
1227,1,906.708,837.18,0.0792499
1227,2,906.228,837.002,0.0792499
1227,3,906.059,836.808,0.0792499
1231,0,910.724,772.043,0.463827
1231,1,911.315,773.521,0.463827
1231,2,910.773,772.048,0.463827
1231,3,910.697,772.097,0.463827
1235,0,911.307,759.036,1.97619
1235,1,914.619,757.886,1.97619
1235,2,911.722,758.898,1.97619
1235,3,911.708,758.924,1.97619
1238,0,1068.4,483.117,5.60639
1238,1,1063.78,482.064,5.60639
1239,0,904.606,464.127,5874.47
1239,1,1068.4,483.117,5874.47
1239,2,1063.78,482.064,5874.47
1244,0,915.656,828.056,0.0804624
1244,1,915.931,827.473,0.0804624
1244,2,915.938,827.498,0.0804624
1244,3,915.911,827.42,0.0804624
1245,0,915.656,828.056,0.0804624
1245,1,915.931,827.473,0.0804624
1245,2,915.938,827.498,0.0804624
1245,3,915.911,827.42,0.0804624
1248,0,931.836,468.013,123.392
1248,1,914.398,481.777,123.392
1253,0,991.425,304.692,0.466707
1253,1,991.511,302.77,0.466707
1253,2,991.389,303.628,0.466707
1253,3,991.364,303.729,0.466707
1260,0,240.749,602.286,52258
1260,1,507.496,148.814,52258
1260,2,348.009,211.58,52258
1266,0,924.8,836.302,0.66426
1266,1,926.303,835.346,0.66426
1266,2,926.275,835.444,0.66426
1266,3,924.981,836.116,0.66426
1274,0,925.174,253.797,0.26337
1274,1,926.132,253.128,0.26337
1274,2,926,253.119,0.26337
1274,3,926.108,252.94,0.26337
1277,0,612.118,905.493,0.571851
1277,1,613.041,904.295,0.571851
1278,0,928.355,929.104,0.0175718
1278,1,928.321,929.088,0.0175718
1278,2,928.213,929.346,0.0175718
1279,0,926.936,258.293,0.0807508
1279,1,926.384,258.161,0.0807508
1289,0,930.882,243.432,0.0107606
1289,1,931.093,243.515,0.0107606
1289,2,930.883,243.489,0.0107606
1289,3,930.92,243.368,0.0107606
1294,0,308.013,757.089,0.506087
1294,1,309.158,757.934,0.506087
1295,0,934.384,255.274,0.0449255
1295,1,934.435,254.81,0.0449255
1295,2,934.303,254.945,0.0449255
1295,3,934.255,255.258,0.0449255
1296,0,934.014,238.661,0.00962533
1296,1,933.897,238.819,0.00962533
1300,0,1075.1,963.299,194.545
1300,1,1049.86,975.164,194.545
1304,0,939.016,353.779,0.0123114
1304,1,938.824,353.576,0.0123114
1304,2,938.893,353.561,0.0123114
1304,3,938.938,353.653,0.0123114
1309,0,939.653,304.059,0.0397726
1309,1,939.369,304.429,0.0397726
1309,2,939.412,304.323,0.0397726
1311,0,940.408,326.649,0.0116116
1311,1,940.518,326.847,0.0116116
1311,2,940.411,326.722,0.0116116
1311,3,940.446,326.583,0.0116116
1314,0,937.963,192.547,0.044105
1314,1,937.606,192.286,0.044105
1314,2,937.56,192.386,0.044105
1317,0,946.65,483.195,0.0368004
1317,1,946.266,483.186,0.0368004
1319,0,947.85,453.776,0.0349114
1319,1,947.519,453.86,0.0349114
1319,2,947.937,453.74,0.0349114
1321,0,945.621,301.544,0.0122357
1321,1,945.659,301.328,0.0122357
1321,2,945.77,301.51,0.0122357
1321,3,945.728,301.355,0.0122357
1323,0,944.069,215.265,0.106969
1323,1,943.892,215.63,0.106969
1323,2,943.742,216.1,0.106969
1323,3,943.792,215.809,0.106969
1324,0,944.069,215.265,0.106969
1324,1,943.892,215.63,0.106969
1324,2,943.742,216.1,0.106969
1324,3,943.792,215.809,0.106969
1326,0,912.439,758.296,0.00605897
1326,1,912.518,758.44,0.00605897
1326,2,912.51,758.446,0.00605897
1327,0,948.289,890.296,22366.7
1327,1,1264.89,870.483,22366.7
1327,2,1264.96,870.593,22366.7
1331,0,948.945,320.423,1.43237
1331,1,949.871,322.32,1.43237
1331,2,950.135,322.977,1.43237
1334,0,952.828,463.864,0.0337505
1334,1,952.745,463.561,0.0337505
1334,2,952.615,463.411,0.0337505
1334,3,952.795,463.664,0.0337505
1341,0,305.355,723.988,0.0475611
1341,1,305.137,724.366,0.0475611
1342,0,947.687,181.965,0.0791896
1342,1,947.31,181.93,0.0791896
1342,2,947.07,181.691,0.0791896
1343,0,948.675,189.096,0.0137228
1343,1,948.557,188.894,0.0137228
1344,0,948.675,189.096,0.0495683
1344,1,948.329,189.363,0.0495683
1344,2,948.557,188.894,0.0495683
1344,3,948.664,189.002,0.0495683
1350,0,266.154,384.417,124893
1350,1,266.065,384.267,124893
1350,2,951.686,212.493,124893
1350,3,951.689,212.363,124893
1352,0,958.128,458.063,0.0129847
1352,1,958.078,458.178,0.0129847
1352,2,958.062,458.239,0.0129847
1352,3,957.957,457.995,0.0129847
1354,0,956.965,925.986,0.0220788
1354,1,956.599,925.91,0.0220788
1354,2,956.755,925.967,0.0220788
1354,3,956.621,925.98,0.0220788
1358,0,1109.51,393.352,0.00720711
1358,1,1109.51,393.213,0.00720711
1358,2,1109.6,393.185,0.00720711
1359,0,961.16,762.246,0.450815
1359,1,961.093,762.911,0.450815
1359,2,961.249,763.847,0.450815
1359,3,961.234,763.812,0.450815
1361,0,959.487,915.178,0.00335065
1361,1,959.49,915.294,0.00335065
1363,0,960.531,501.81,0.022994
1363,1,960.264,501.879,0.022994
1363,2,960.645,501.71,0.022994
1363,3,960.479,501.764,0.022994
1364,0,960.531,501.81,0.022994
1364,1,960.264,501.879,0.022994
1364,2,960.645,501.71,0.022994
1364,3,960.479,501.764,0.022994
1367,0,961.106,374.101,0.153077
1367,1,960.752,373.841,0.153077
1367,2,960.307,373.572,0.153077
1367,3,960.369,373.558,0.153077
1368,0,964.206,740.713,0.00266835
1368,1,964.265,740.747,0.00266835
1368,2,964.294,740.781,0.00266835
1368,3,964.297,740.81,0.00266835
1375,0,965.754,537.919,0.0216303
1375,1,965.575,538.012,0.0216303
1375,2,965.482,537.973,0.0216303
1375,3,965.362,537.983,0.0216303
1379,0,667.359,391.84,0.494655
1379,1,666.844,392.034,0.494655
1379,2,667.798,390.606,0.494655
1379,3,667.536,390.871,0.494655
1381,0,966.867,427.946,0.00326443
1381,1,966.896,428.002,0.00326443
1381,2,966.776,427.996,0.00326443
1396,0,971.188,419.437,0.011605
1396,1,971.226,419.224,0.011605
1398,0,973.001,539.385,0.00706953
1398,1,973.045,539.323,0.00706953
1398,2,972.989,539.36,0.00706953
1398,3,972.956,539.528,0.00706953
1403,0,974.372,500.453,62775.4
1403,1,539.958,118.3,62775.4
1403,2,539.937,117.899,62775.4
1403,3,575.069,87.2303,62775.4
1404,0,972.661,889.171,0.03469
1404,1,973.019,889.185,0.03469
1404,2,973.128,889.162,0.03469
1404,3,973.093,889.206,0.03469
1408,0,969.568,278.226,0.00380389
1408,1,969.549,278.25,0.00380389
1408,2,969.527,278.114,0.00380389
1409,0,969.568,278.226,0.00380389
1409,1,969.549,278.25,0.00380389
1409,2,969.527,278.114,0.00380389
1412,0,966.38,172.986,0.103756
1412,1,966.039,173.035,0.103756
1412,2,965.61,173.359,0.103756
1412,3,965.838,173.257,0.103756
1418,0,1028.87,1042.03,149199
1418,1,947.887,273.764,149199
1421,0,991.425,304.692,0.619166
1421,1,991.511,302.77,0.619166
1421,2,991.364,303.729,0.619166
1427,0,976.178,927.418,0.334074
1427,1,976.886,928.073,0.334074
1427,2,977.523,928.223,0.334074
1427,3,977.007,928.159,0.334074
1430,0,976.305,367.199,0.00838745
1430,1,976.336,366.987,0.00838745
1430,2,976.326,366.983,0.00838745
1430,3,976.309,366.999,0.00838745
1431,0,1085.33,386.68,91538.4
1431,1,480.227,387.803,91538.4
1433,0,974.273,295.907,0.0101956
1433,1,974.35,295.794,0.0101956
1433,2,974.334,295.697,0.0101956
1433,3,974.381,295.669,0.0101956
1434,0,974.273,295.907,0.0101956
1434,1,974.35,295.794,0.0101956
1434,2,974.334,295.697,0.0101956
1434,3,974.381,295.669,0.0101956
1435,0,980.233,536.234,0.0976984
1435,1,979.501,535.978,0.0976984
1435,2,979.588,536.012,0.0976984
1435,3,979.936,536.205,0.0976984
1438,0,976.932,350.816,3650.83
1438,1,934.801,229.656,3650.83
1438,2,977.172,350.515,3650.83
1444,0,981.568,427.967,0.00638957
1444,1,981.637,427.992,0.00638957
1444,2,981.439,427.985,0.00638957
1444,3,981.468,427.997,0.00638957
1445,0,504.529,1016.3,104237
1445,1,982.93,582.418,104237
1445,2,983.125,582.162,104237
1445,3,504.896,1015.83,104237
1447,0,981.892,399.483,0.000546704
1447,1,981.868,399.432,0.000546704
1447,2,981.873,399.456,0.000546704
1451,0,982.542,356.21,0.0883692
1451,1,982.322,356.094,0.0883692
1451,2,981.949,355.808,0.0883692
1453,0,982.547,362.189,0.00520651
1453,1,982.686,362.211,0.00520651
1453,2,982.666,362.202,0.00520651
1453,3,982.566,362.289,0.00520651
1454,0,982.547,362.189,0.00520651
1454,1,982.686,362.211,0.00520651
1454,2,982.666,362.202,0.00520651
1454,3,982.566,362.289,0.00520651
1456,0,987.916,725.34,0.275032
1456,1,988.073,724.106,0.275032
1456,2,987.942,724.188,0.275032
1456,3,988.007,724.124,0.275032
1457,0,985.646,416.961,0.00275496
1457,1,985.548,416.922,0.00275496
1460,0,987.58,374.715,0.0085736
1460,1,987.496,374.576,0.0085736
1460,2,987.414,374.586,0.0085736
1464,0,486.088,1031.3,0.328892
1464,1,485.015,1031.7,0.328892
1465,0,989.608,382.807,0.0102731
1465,1,989.579,382.614,0.0102731
1465,2,989.571,382.558,0.0102731
1465,3,989.51,382.612,0.0102731
1467,0,989.49,366.696,0.0335486
1467,1,989.258,366.672,0.0335486
1467,2,989.177,366.444,0.0335486
1467,3,989.149,366.426,0.0335486
1470,0,992.75,910.081,0.0144014
1470,1,992.773,910.036,0.0144014
1470,2,992.931,910.138,0.0144014
1470,3,993.026,910.063,0.0144014
1472,0,997.383,739.01,0.047443
1472,1,997.578,739.036,0.047443
1472,2,997.867,739.103,0.047443
1472,3,997.902,739.101,0.047443
1475,0,993.713,362.48,0.40776
1475,1,995.142,362.853,0.40776
1475,2,995.11,362.759,0.40776
1475,3,995.193,362.795,0.40776
1476,0,993.504,355.944,0.164524
1476,1,993.155,355.845,0.164524
1476,2,992.928,355.795,0.164524
1476,3,993.993,355.901,0.164524
1477,0,995.633,393.032,0.0126856
1477,1,995.806,393.049,0.0126856
1477,2,995.838,393.048,0.0126856
1477,3,995.946,393.033,0.0126856
1478,0,994.571,323.514,0.0053087
1478,1,994.683,323.524,0.0053087
1478,2,994.703,323.423,0.0053087
1478,3,994.687,323.413,0.0053087
1480,0,995.104,263.288,0.0369537
1480,1,995.192,262.826,0.0369537
1480,2,995.174,262.895,0.0369537
1480,3,995.121,262.848,0.0369537
1481,0,995.104,263.288,0.0369537
1481,1,995.192,262.826,0.0369537
1481,2,995.174,262.895,0.0369537
1481,3,995.121,262.848,0.0369537
1482,0,1000,384.435,0.039958
1482,1,999.618,384.556,0.039958
1482,2,999.543,384.543,0.039958
1482,3,999.522,384.539,0.039958
1483,0,991.96,165.775,0.107954
1483,1,991.698,165.812,0.107954
1483,2,991.313,165.434,0.107954
1483,3,991.354,165.381,0.107954
1485,0,778.069,968.756,0.0894524
1485,1,778.175,969.326,0.0894524
1485,2,778.43,968.806,0.0894524
1488,0,1237.62,524.598,1.06767
1488,1,1236.04,523.017,1.06767
1488,2,1235.82,523.976,1.06767
1494,0,993.705,174.204,0.0745547
1494,1,993.675,173.662,0.0745547
1494,2,993.542,173.629,0.0745547
1496,0,1002.35,427.507,0.122732
1496,1,1003.01,427.792,0.122732
1496,2,1003.03,427.687,0.122732
1496,3,1003.24,427.766,0.122732
1500,0,1006.87,419.876,0.000352995
1500,1,1006.85,419.908,0.000352995
1501,0,1006.77,420.009,0.00109917
1501,1,1006.81,419.953,0.00109917
1502,0,1006.87,419.876,0.00395812
1502,1,1006.77,420.009,0.00395812
1502,2,1006.81,419.953,0.00395812
1502,3,1006.85,419.908,0.00395812
1503,0,1006.35,357.6,0.0268523
1503,1,1006.65,357.694,0.0268523
1503,2,1006.6,357.704,0.0268523
1503,3,1006.28,357.737,0.0268523
1504,0,1006.35,357.6,0.0268523
1504,1,1006.65,357.694,0.0268523
1504,2,1006.6,357.704,0.0268523
1504,3,1006.28,357.737,0.0268523
1505,0,1489.75,572.212,41221.8
1505,1,1058.23,389.338,41221.8
1505,2,1057.97,389.431,41221.8
1505,3,1057.7,389.503,41221.8
1506,0,1010.39,521.25,0.125552
1506,1,1009.83,521.801,0.125552
1506,2,1010.04,521.841,0.125552
1508,0,1000.36,168.028,0.00399825
1508,1,1000.26,167.925,0.00399825
1508,2,1000.36,167.984,0.00399825
1512,0,1008.92,398.894,0.000601888
1512,1,1008.9,398.852,0.000601888
1516,0,1010.6,910.82,0.159608
1516,1,1011.01,911.507,0.159608
1518,0,1011.71,512.091,0.0286914
1518,1,1011.37,512.045,0.0286914
1520,0,1011.26,428.13,0.0138621
1520,1,1011.54,428.132,0.0138621
1520,2,1011.53,428.097,0.0138621
1520,3,1011.41,428.05,0.0138621
1523,0,1010.95,393.558,0.0289905
1523,1,1010.92,393.225,0.0289905
1523,2,1010.91,393.177,0.0289905
1526,0,1006.38,213.227,0.00751803
1526,1,1006.21,213.28,0.00751803
1526,2,1006.22,213.194,0.00751803
1526,3,1006.29,213.129,0.00751803
1527,0,1012.52,403.588,0.0459676
1527,1,1012.31,403.72,0.0459676
1527,2,1012.03,403.77,0.0459676
1532,0,1014.61,411.289,0.0020561
1532,1,1014.61,411.199,0.0020561
1534,0,1016.81,742.213,0.0109116
1534,1,1016.88,742.376,0.0109116
1534,2,1016.8,742.47,0.0109116
1534,3,1016.8,742.443,0.0109116
1536,0,1011.05,299.685,0.00936627
1536,1,1011.12,299.518,0.00936627
1536,2,1011.15,299.45,0.00936627
1536,3,1011.11,299.492,0.00936627
1537,0,1011.05,299.685,0.00936627
1537,1,1011.12,299.518,0.00936627
1537,2,1011.15,299.45,0.00936627
1537,3,1011.11,299.492,0.00936627
1538,0,989.899,404.305,0.00667395
1538,1,989.736,404.315,0.00667395
1539,0,1018.76,500.73,0.0265649
1539,1,1018.69,500.907,0.0265649
1539,2,1018.74,500.645,0.0265649
1539,3,1019.03,500.812,0.0265649
1540,0,1018.84,892.212,0.0374318
1540,1,1018.77,891.696,0.0374318
1540,2,1018.85,891.856,0.0374318
1540,3,1018.9,891.96,0.0374318
1541,0,636.007,237.368,0.0101995
1541,1,635.805,237.358,0.0101995
1542,0,1015.14,289.46,0.00738882
1542,1,1015.21,289.547,0.00738882
1542,2,1015.33,289.487,0.00738882
1543,0,1015.21,289.547,0.00442131
1543,1,1015.33,289.487,0.00442131
1544,0,1019.76,421.065,0.0512817
1544,1,1019.67,420.492,0.0512817
1544,2,1019.67,420.765,0.0512817
1544,3,1019.65,420.561,0.0512817
1545,0,1012.2,169.85,0.0234385
1545,1,1012.03,169.759,0.0234385
1545,2,1011.85,169.756,0.0234385
1545,3,1011.85,169.741,0.0234385
1546,0,1020.19,369.9,0.0137939
1546,1,1020.31,370.067,0.0137939
1546,2,1020.43,369.975,0.0137939
1546,3,1020.18,370.012,0.0137939
1547,0,1022.68,508.133,0.00217084
1547,1,1022.61,508.214,0.00217084
1547,2,1022.6,508.205,0.00217084
1547,3,1022.6,508.156,0.00217084
1548,0,1020.42,910.215,0.17783
1548,1,1020.66,911.054,0.17783
1548,2,1020.68,911.125,0.17783
1548,3,1020.79,911.207,0.17783
1549,0,1603.17,877.329,0.00833031
1549,1,1603.07,877.482,0.00833031
1554,0,1023.27,394.075,0.093181
1554,1,1022.58,394.013,0.093181
1554,2,1022.67,394.124,0.093181
1554,3,1023.17,393.984,0.093181
1555,0,1494.48,92.0069,0.0925795
1555,1,1495.17,91.8225,0.0925795
1555,2,1494.95,91.7935,0.0925795
1556,0,1014.79,159.014,42.3164
1556,1,1027.75,157.852,42.3164
1561,0,455.698,399.886,12.6814
1561,1,454.997,391.374,12.6814
1561,2,455.131,397.149,12.6814
1564,0,1028.17,730.435,0.050861
1564,1,1027.85,730.859,0.050861
1564,2,1028.12,730.568,0.050861
1565,0,1028.26,350.694,0.397582
1565,1,1028.01,350.932,0.397582
1565,2,1028.41,350.047,0.397582
1565,3,1028.64,349.426,0.397582
1567,0,1032.25,403.81,0.0378483
1567,1,1031.86,403.813,0.0378483
1567,2,1032.31,403.748,0.0378483
1567,3,1032.34,403.78,0.0378483
1572,0,1036.3,895.389,0.0180534
1572,1,1036.33,895.315,0.0180534
1572,2,1036.08,895.285,0.0180534
1572,3,1036.04,895.321,0.0180534
1573,0,1031.89,325.008,0.0880797
1573,1,1032.4,325.001,0.0880797
1573,2,1032.57,324.852,0.0880797
1574,0,1150.07,383.533,4317.8
1574,1,1032.4,325.001,4317.8
1575,0,1035.63,473.557,0.0356646
1575,1,1035.57,473.816,0.0356646
1575,2,1035.78,473.924,0.0356646
1575,3,1035.82,473.966,0.0356646
1577,0,1036.42,461.377,0.0014979
1577,1,1036.41,461.301,0.0014979
1578,0,1036.42,461.377,0.0014979
1578,1,1036.41,461.301,0.0014979
1579,0,1037.8,502.74,85918.1
1579,1,1037.84,502.776,85918.1
1579,2,713.832,1033.48,85918.1
1580,0,1034.91,333.822,0.0334035
1580,1,1034.85,334.13,0.0334035
1580,2,1034.84,334.25,0.0334035
1581,0,998.377,473.025,0.00526846
1581,1,998.383,473.123,0.00526846
1581,2,998.257,473.071,0.00526846
1581,3,998.251,473.055,0.00526846
1583,0,757.423,870.66,0.0198001
1583,1,757.698,870.6,0.0198001
1586,0,1040.6,467.812,0.00337893
1586,1,1040.63,467.72,0.00337893
1586,2,1040.66,467.826,0.00337893
1586,3,1040.65,467.704,0.00337893
1587,0,692.856,1016.91,172087
1587,1,1043.56,509.929,172087
1587,2,333.323,312.551,172087
1589,0,1037.79,309.383,0.00264454
1589,1,1037.89,309.373,0.00264454
1590,0,1039.15,337.195,0.0918434
1590,1,1038.74,337.726,0.0918434
1590,2,1039.16,337.057,0.0918434
1590,3,1038.93,337.305,0.0918434
1593,0,759.258,833.107,31913.8
1593,1,404.992,879.485,31913.8
1595,0,1045.24,430.825,0.00128549
1595,1,1045.18,430.815,0.00128549
1595,2,1045.19,430.815,0.00128549
1595,3,1045.25,430.775,0.00128549
1596,0,1037.27,236.368,0.01107
1596,1,1037.42,236.433,0.01107
1596,2,1037.42,236.522,0.01107
1596,3,1037.42,236.301,0.01107
1597,0,1037.27,236.368,0.01107
1597,1,1037.42,236.433,0.01107
1597,2,1037.42,236.522,0.01107
1597,3,1037.42,236.301,0.01107
1599,0,1047.19,754.037,0.00150833
1599,1,1047.16,754.107,0.00150833
1600,0,1045.35,460.979,0.0192371
1600,1,1045.4,460.955,0.0192371
1600,2,1045.08,460.963,0.0192371
1601,0,1045.35,460.979,2580.88
1601,1,1146.13,448.032,2580.88
1603,0,1046.5,511.296,92917.8
1603,1,715.79,1023.45,92917.8
1605,0,1042.54,342.556,0.0251187
1605,1,1042.25,342.711,0.0251187
1605,2,1042.51,342.495,0.0251187
1607,0,989.231,1002.98,12229.9
1607,1,811.992,869.923,12229.9
1607,2,812.339,869.805,12229.9
1607,3,988.47,1002.84,12229.9
1610,0,978.013,191.586,431.058
1610,1,977.573,191.906,431.058
1610,2,1020.24,179.99,431.058
1611,0,1045.11,309.715,0.389873
1611,1,1044.9,309.851,0.389873
1611,2,1045.2,309.333,0.389873
1611,3,1045.8,308.497,0.389873
1614,0,1045.93,286.754,0.0999366
1614,1,1046.02,286.547,0.0999366
1614,2,1046.03,286.671,0.0999366
1614,3,1046.14,285.969,0.0999366
1620,0,1050.38,299.851,0.0646108
1620,1,1050.22,300.211,0.0646108
1620,2,1049.98,300.413,0.0646108
1620,3,1050.21,300.012,0.0646108
1622,0,405.411,951.723,0.287192
1622,1,406.102,952.543,0.287192
1623,0,1051.21,289.399,0.0793676
1623,1,1051.23,288.992,0.0793676
1623,2,1051.24,288.714,0.0793676
1624,0,1049.73,245.667,0.0142736
1624,1,1049.7,245.7,0.0142736
1624,2,1049.65,245.413,0.0142736
1624,3,1049.76,245.643,0.0142736
1625,0,1057.43,695.514,0.103683
1625,1,1057.72,695.792,0.103683
1625,2,1057.83,696.267,0.103683
1625,3,1057.65,695.631,0.103683
1627,0,1053.03,276.021,0.014899
1627,1,1053.05,275.743,0.014899
1627,2,1053.12,275.749,0.014899
1627,3,1053.06,275.76,0.014899
1628,0,1054.77,303.681,0.0212851
1628,1,1054.72,303.631,0.0212851
1628,2,1054.59,303.915,0.0212851
1630,0,1057.18,283.897,0.0100461
1630,1,1057.2,283.673,0.0100461
1630,2,1057.15,283.666,0.0100461
1630,3,1057.12,283.797,0.0100461
1631,0,1057.18,283.897,0.0100461
1631,1,1057.2,283.673,0.0100461
1631,2,1057.15,283.666,0.0100461
1631,3,1057.12,283.797,0.0100461
1633,0,1064.28,503.084,0.026878
1633,1,1064.33,503.457,0.026878
1633,2,1064.37,503.473,0.026878
1633,3,1064.3,503.424,0.026878
1634,0,1058.2,272.775,197032
1634,1,364.953,910.54,197032
1634,2,1058.3,273.967,197032
1635,0,1061.15,310.226,0.0568716
1635,1,1061.05,310.876,0.0568716
1635,2,1061.11,310.655,0.0568716
1635,3,1061.15,310.53,0.0568716
1637,0,992.252,970.137,597.392
1637,1,1049.94,971.095,597.392
1637,2,1022.07,984.419,597.392
1639,0,1066.71,343.871,0.186128
1639,1,1066.64,343.218,0.186128
1639,2,1066.77,342.662,0.186128
1639,3,1066.67,343.183,0.186128
1644,0,1072.04,575.706,0.0667059
1644,1,1071.67,575.966,0.0667059
1644,2,1071.53,576.03,0.0667059
1645,0,1072.04,575.706,0.0667059
1645,1,1071.67,575.966,0.0667059
1645,2,1071.53,576.03,0.0667059
1648,0,1119.7,269.944,1809.54
1648,1,1108.62,264.655,1809.54
1648,2,1060.73,195.363,1809.54
1649,0,1069.77,330.451,0.0269312
1649,1,1069.77,330.27,0.0269312
1649,2,1069.8,329.995,0.0269312
1649,3,1069.81,330.197,0.0269312
1650,0,1073.63,484.419,4023.84
1650,1,1073.84,484.577,4023.84
1650,2,1074.14,484.65,4023.84
1650,3,928.392,467.309,4023.84
1651,0,1073.63,484.419,0.0534945
1651,1,1073.84,484.577,0.0534945
1651,2,1074.14,484.65,0.0534945
1654,0,1074.46,339.061,0.0351901
1654,1,1074.61,338.764,0.0351901
1654,2,1074.81,338.897,0.0351901
1655,0,1071.26,254.544,0.0185441
1655,1,1070.93,254.591,0.0185441
1655,2,1070.95,254.625,0.0185441
1655,3,1070.98,254.599,0.0185441
1656,0,1071.16,261.27,0.0308541
1656,1,1071.37,261.45,0.0308541
1656,2,1071.52,261.44,0.0308541
1656,3,1071.56,261.338,0.0308541
1657,0,1071.16,261.27,0.0308541
1657,1,1071.37,261.45,0.0308541
1657,2,1071.52,261.44,0.0308541
1657,3,1071.56,261.338,0.0308541
1661,0,1079.95,473.422,0.0124535
1661,1,1080.12,473.403,0.0124535
1661,2,1079.82,473.41,0.0124535
1661,3,1079.87,473.396,0.0124535
1663,0,1073.75,269.554,0.017152
1663,1,1073.99,269.66,0.017152
1664,0,1073.75,269.554,0.0105796
1664,1,1073.88,269.526,0.0105796
1664,2,1073.93,269.62,0.0105796
1664,3,1073.99,269.66,0.0105796
1665,0,1075.42,245.925,0.0574982
1665,1,1074.97,246.066,0.0574982
1665,2,1074.8,246.008,0.0574982
1665,3,1074.91,245.999,0.0574982
1671,0,1091.7,565.047,0.943426
1671,1,1090.01,566.008,0.943426
1672,0,1091.7,565.047,0.943426
1672,1,1090.01,566.008,0.943426
1676,0,1090.14,946.417,0.119586
1676,1,1090.81,946.047,0.119586
1676,2,1090.78,946.139,0.119586
1677,0,1090.39,946.215,0.0409734
1677,1,1090.81,946.047,0.0409734
1677,2,1090.78,946.139,0.0409734
1686,0,1102.79,503.265,0.105677
1686,1,1102.51,503.931,0.105677
1686,2,1102.54,504.029,0.105677
1686,3,1102.48,503.896,0.105677
1691,0,1104.68,451.482,0.00938044
1691,1,1104.84,451.363,0.00938044
1693,0,1104.57,993.584,0.490909
1693,1,1105.2,993.337,0.490909
1693,2,1105.78,992.617,0.490909
1693,3,1105.61,992.296,0.490909
1696,0,1099.78,226.446,0.638818
1696,1,1099.59,228.003,0.638818
1696,2,1099.9,226.956,0.638818
1696,3,1100.95,227.62,0.638818
1697,0,1109.64,927.701,0.0239978
1697,1,1109.35,927.78,0.0239978
1697,2,1109.27,927.9,0.0239978
1697,3,1109.43,927.792,0.0239978
1700,0,1111.54,465.039,0.0200113
1700,1,1111.71,464.874,0.0200113
1700,2,1111.56,465.029,0.0200113
1700,3,1111.79,464.817,0.0200113
1701,0,1111.52,465.096,29.2837
1701,1,1111.71,464.874,29.2837
1701,2,1111.56,465.029,29.2837
1701,3,1119.92,455.685,29.2837
1702,0,1109.81,393.092,0.0237925
1702,1,1109.51,393.352,0.0237925
1702,2,1109.51,393.213,0.0237925
1702,3,1109.6,393.185,0.0237925
1704,0,1115.88,481.212,1.02574
1704,1,1114.2,483.229,1.02574
1704,2,1114.37,482.936,1.02574
1704,3,1114.92,482.46,1.02574
1706,0,1117.09,644.415,0.0448666
1706,1,1117.29,644.265,0.0448666
1706,2,1117.47,644.244,0.0448666
1706,3,1117.62,644.265,0.0448666
1708,0,1117.85,438.874,0.0404594
1708,1,1118.2,438.547,0.0404594
1708,2,1118.26,438.59,0.0404594
1708,3,1118.13,438.723,0.0404594
1709,0,1117.85,438.874,0.0404594
1709,1,1118.2,438.547,0.0404594
1709,2,1118.26,438.59,0.0404594
1709,3,1118.13,438.723,0.0404594
1717,0,1122.59,830.908,0.471094
1717,1,1122.75,829.945,0.471094
1717,2,1122.97,829.437,0.471094
1717,3,1123.11,829.198,0.471094
1718,0,1122.59,830.908,0.471094
1718,1,1122.75,829.945,0.471094
1718,2,1122.97,829.437,0.471094
1718,3,1123.11,829.198,0.471094
1719,0,1064.97,482.567,885.911
1719,1,1123.7,472.846,885.911
1720,0,1123.27,473.106,0.133325
1720,1,1123.01,473.518,0.133325
1720,2,1123.26,473.426,0.133325
1720,3,1123.7,472.846,0.133325
1723,0,1186.1,773.47,1561.29
1723,1,1190.1,694.545,1561.29
1725,0,1127.71,491.731,0.03365
1725,1,1127.98,491.373,0.03365
1725,2,1127.78,491.616,0.03365
1725,3,1127.89,491.758,0.03365
1726,0,1126.42,430.709,55.5081
1726,1,1127.19,448.145,55.5081
1726,2,1127.5,447.686,55.5081
1726,3,1127.53,447.807,55.5081
1727,0,1127.19,448.145,0.0608416
1727,1,1127.5,447.686,0.0608416
1727,2,1127.53,447.807,0.0608416
1733,0,1015.65,156.234,0.00807133
1733,1,1015.59,156.404,0.00807133
1734,0,1128.2,374.113,0.0532365
1734,1,1127.76,374.308,0.0532365
1734,2,1127.87,374.381,0.0532365
1734,3,1127.98,374.573,0.0532365
1735,0,1129.16,1038.54,0.00610439
1735,1,1129.21,1038.64,0.00610439
1735,2,1129.29,1038.61,0.00610439
1735,3,1129.28,1038.71,0.00610439
1739,0,1133.77,1003.46,5.55585
1739,1,1132.5,1008,5.55585
1740,0,1130.08,390.019,0.00466906
1740,1,1130.18,389.922,0.00466906
1746,0,1135.73,448.314,79333.1
1746,1,846.209,461.654,79333.1
1746,2,1479.23,263.082,79333.1
1746,3,1479.23,262.506,79333.1
1747,0,1136.84,442.394,0.161203
1747,1,1135.95,442.107,0.161203
1747,2,1136.05,442.072,0.161203
1747,3,1135.92,442.073,0.161203
1748,0,1136.84,442.394,104.634
1748,1,1135.95,442.107,104.634
1748,2,1136.05,442.072,104.634
1748,3,1133.39,465.621,104.634
1750,0,1133.7,276.799,0.269135
1750,1,1132.82,276.253,0.269135
1755,0,1140.71,403.356,0.00851206
1755,1,1140.58,403.244,0.00851206
1755,2,1140.55,403.225,0.00851206
1755,3,1140.54,403.188,0.00851206
1757,0,1140.71,403.356,0.00851206
1757,1,1140.58,403.244,0.00851206
1757,2,1140.55,403.225,0.00851206
1757,3,1140.54,403.188,0.00851206
1759,0,1141.25,424.39,0.0390368
1759,1,1141.52,424.106,0.0390368
1759,2,1141.63,424.041,0.0390368
1759,3,1141.35,424.196,0.0390368
1762,0,1142.14,440.897,0.00092545
1762,1,1142.17,440.889,0.00092545
1762,2,1142.2,440.891,0.00092545
1762,3,1142.2,440.865,0.00092545
1764,0,1140.47,274.23,0.0313898
1764,1,1140.24,273.925,0.0313898
1764,2,1140.41,273.911,0.0313898
1767,0,1146.91,374.054,1.33322
1767,1,1144.71,375.917,1.33322
1767,2,1145.1,375.792,1.33322
1767,3,1145.16,375.866,1.33322
1768,0,1148.63,990.564,0.0856224
1768,1,1149.01,989.921,0.0856224
1768,2,1148.87,990.091,0.0856224
1768,3,1148.59,990.223,0.0856224
1769,0,1141.83,281.72,0.00345707
1769,1,1141.91,281.8,0.00345707
1775,0,1156.01,915.964,0.209318
1775,1,1155.97,914.937,0.209318
1775,2,1155.89,915.281,0.209318
1775,3,1156.17,914.82,0.209318
1776,0,1157.33,475.031,0.00375122
1776,1,1157.45,475.032,0.00375122
1776,2,1157.34,475.089,0.00375122
1777,0,1160.46,785.366,2051.15
1777,1,1250.88,780.093,2051.15
1779,0,1159.21,462.457,0.0215259
1779,1,1159.14,462.173,0.0215259
1780,0,1159.21,462.457,0.0434408
1780,1,1159.05,461.975,0.0434408
1780,2,1159.14,462.173,0.0434408
1786,0,1159.88,394.347,0.00474413
1786,1,1160,394.349,0.00474413
1786,2,1159.98,394.329,0.00474413
1786,3,1160.07,394.321,0.00474413
1788,0,1164.99,994.678,0.0740091
1788,1,1164.45,994.615,0.0740091
1792,0,1167.89,477.131,0.0154742
1792,1,1168.13,477.119,0.0154742
1792,2,1168.17,477.119,0.0154742
1793,0,1167.89,477.131,62.5341
1793,1,1168.13,477.119,62.5341
1793,2,1151.09,483.861,62.5341
1793,3,1168.17,477.119,62.5341
1794,0,1169.83,937.134,0.141983
1794,1,1170.08,937.092,0.141983
1794,2,1170.05,937.239,0.141983
1794,3,1169.69,937.929,0.141983
1795,0,1170.57,439.344,0.329347
1795,1,1170.22,438.025,0.329347
1795,2,1170.28,438.066,0.329347
1795,3,1170.34,438.071,0.329347
1797,0,1175.46,633.297,0.00128678
1797,1,1175.5,633.289,0.00128678
1797,2,1175.43,633.242,0.00128678
1797,3,1175.46,633.246,0.00128678
1798,0,1172.93,466.054,0.00570296
1798,1,1172.76,466.031,0.00570296
1798,2,1172.8,465.97,0.00570296
1798,3,1172.82,465.96,0.00570296
1799,0,1173.08,978.739,0.0411301
1799,1,1173.32,978.544,0.0411301
1799,2,1173.34,978.377,0.0411301
1799,3,1173.36,978.3,0.0411301
1801,0,1149.96,287.166,23.4038
1801,1,1141.96,281.727,23.4038
1802,0,1172.77,398.375,0.150397
1802,1,1172.69,399.142,0.150397
1802,2,1172.7,399.349,0.150397
1802,3,1172.71,399.266,0.150397
1803,0,1175.34,416.359,0.00386078
1803,1,1175.33,416.307,0.00386078
1803,2,1175.48,416.338,0.00386078
1803,3,1175.38,416.354,0.00386078
1804,0,1178.14,934.584,0.0171119
1804,1,1178.03,934.393,0.0171119
1804,2,1178.15,934.36,0.0171119
1804,3,1178.31,934.451,0.0171119
1806,0,1334.88,460.49,0.0320071
1806,1,1335.06,460.71,0.0320071
1806,2,1335.26,460.435,0.0320071
1806,3,1335.12,460.662,0.0320071
1811,0,1180.25,450.89,0.00458369
1811,1,1180.18,450.865,0.00458369
1811,2,1180.31,450.875,0.00458369
1811,3,1180.25,450.771,0.00458369
1813,0,321.729,670.806,0.0640732
1813,1,321.231,670.712,0.0640732
1815,0,1546.4,437.667,0.0754947
1815,1,1546.66,437.181,0.0754947
1817,0,1184.3,838.346,0.0720081
1817,1,1183.99,838.206,0.0720081
1817,2,1183.81,837.919,0.0720081
1819,0,1185.72,824.128,0.00350155
1819,1,1185.65,824.094,0.00350155
1819,2,1185.65,824.212,0.00350155
1821,0,1160.04,294.433,54396.8
1821,1,1186.1,795.071,54396.8
1821,2,1186.06,781.667,54396.8
1824,0,1189.73,647.775,0.130538
1824,1,1189.66,647.781,0.130538
1824,2,1189.66,647.015,0.130538
1828,0,1189.88,636.677,0.0792551
1828,1,1190.12,636.409,0.0792551
1828,2,1190.18,636.242,0.0792551
1828,3,1190.3,636.032,0.0792551
1833,0,1192.72,626.778,0.0315447
1833,1,1192.74,626.972,0.0315447
1833,2,1192.45,627.067,0.0315447
1834,0,1193.29,731.903,0.000239471
1834,1,1193.31,731.879,0.000239471
1836,0,1192.55,840.793,0.00694104
1836,1,1192.61,840.615,0.00694104
1836,2,1192.67,840.65,0.00694104
1836,3,1192.56,840.672,0.00694104
1837,0,1189.64,1025,0.0218422
1837,1,1189.74,1025.18,0.0218422
1837,2,1189.81,1025.32,0.0218422
1837,3,1189.87,1025.26,0.0218422
1838,0,1190.69,946.073,0.0645912
1838,1,1190.4,946.05,0.0645912
1838,2,1190.84,946.432,0.0645912
1840,0,1194.06,703.054,0.00819943
1840,1,1194.03,703.234,0.00819943
1841,0,1194.06,703.054,0.00819943
1841,1,1194.03,703.234,0.00819943
1843,0,1193.82,827.813,0.309873
1843,1,1194.41,829.003,0.309873
1843,2,1194.32,828.569,0.309873
1844,0,1184.86,313.142,0.282732
1844,1,1185.82,313.601,0.282732
1846,0,1198.47,853.184,0.180391
1846,1,1198.23,853.407,0.180391
1846,2,1198.09,852.95,0.180391
1846,3,1197.83,852.448,0.180391
1849,0,1198.49,965.887,62.7747
1849,1,1195.1,981.366,62.7747
1852,0,1195.37,320.244,0.335413
1852,1,1196.65,320.736,0.335413
1852,2,1196.34,320.434,0.335413
1853,0,1198.46,311.558,0.583002
1853,1,1197.67,312.761,0.583002
1853,2,1197.13,312.556,0.583002
1853,3,1198.05,311.442,0.583002
1854,0,1204.49,907.363,0.138212
1854,1,1204.48,907.659,0.138212
1854,2,1204.55,908.254,0.138212
1855,0,1206.7,879.494,0.85146
1855,1,1206.78,879.7,0.85146
1855,2,1207.33,881.456,0.85146
1856,0,1204.66,914.755,777.881
1856,1,1204.95,914.66,777.881
1856,2,1204.98,914.542,777.881
1856,3,1192.72,851.398,777.881
1857,0,1204.94,945.14,1.09974
1857,1,1204.78,945.018,1.09974
1857,2,1203.82,943.323,1.09974
1857,3,1203.84,943.193,1.09974
1859,0,1207.42,924.149,0.0582491
1859,1,1207.89,924.262,0.0582491
1859,2,1207.45,924.01,0.0582491
1860,0,1206.29,512.598,0.315065
1860,1,1207.2,511.937,0.315065
1862,0,1204.04,328.898,0.0856249
1862,1,1203.68,328.875,0.0856249
1862,2,1204.05,328.764,0.0856249
1862,3,1203.35,328.777,0.0856249
1863,0,1202.29,269.988,0.0417845
1863,1,1202.59,270.139,0.0417845
1863,2,1202.76,270.19,0.0417845
1863,3,1202.74,270.186,0.0417845
1866,0,1216.3,994.99,0.0853716
1866,1,1216.18,994.412,0.0853716
1866,2,1216.39,994.94,0.0853716
1866,3,1216.28,994.391,0.0853716
1869,0,1223.05,615.421,0.0805281
1869,1,1222.8,615.572,0.0805281
1869,2,1223.41,615.25,0.0805281
1870,0,1222.68,543.166,167987
1870,1,1222.34,544.395,167987
1870,2,1222.01,545.232,167987
1870,3,309.478,794.471,167987
1878,0,1221.4,374.504,9953.35
1878,1,1031.33,244.195,9953.35
1878,2,1031.37,244.186,9953.35
1878,3,1031.31,244.429,9953.35
1879,0,1230.59,689.932,0.0274656
1879,1,1230.63,690.181,0.0274656
1879,2,1230.64,690.351,0.0274656
1879,3,1230.64,690.314,0.0274656
1880,0,1230.38,874.882,0.0426206
1880,1,1230.33,875.149,0.0426206
1880,2,1230.3,875.064,0.0426206
1880,3,1230.18,874.645,0.0426206
1885,0,369.069,119.893,30150
1885,1,443.425,459.115,30150
1886,0,1234.49,682.307,0.0857056
1886,1,1234.96,681.966,0.0857056
1887,0,1239.59,960.051,0.00458825
1887,1,1239.57,960.041,0.00458825
1887,2,1239.51,960.125,0.00458825
1887,3,1239.49,960.169,0.00458825
1888,0,1239.09,1017.17,0.0101378
1888,1,1239.09,1017,0.0101378
1888,2,1239.12,1017.11,0.0101378
1888,3,1239.24,1017.21,0.0101378
1890,0,1239.81,1036.46,0.0448714
1890,1,1239.97,1036,0.0448714
1890,2,1239.97,1036.11,0.0448714
1893,0,1242.8,967.339,0.0727126
1893,1,1242.48,967.053,0.0727126
1893,2,1242.92,967.624,0.0727126
1893,3,1242.7,967.165,0.0727126
1895,0,283.607,1001.56,0.343458
1895,1,283.247,1001.66,0.343458
1895,2,282.999,1002.56,0.343458
1895,3,283.031,1002.77,0.343458
1897,0,1245.72,544.557,0.0145972
1897,1,1245.83,544.617,0.0145972
1897,2,1245.8,544.362,0.0145972
1897,3,1245.8,544.366,0.0145972
1899,0,1245.2,492.239,0.235018
1899,1,1245.81,491.485,0.235018
1900,0,1245.2,492.239,0.235018
1900,1,1245.81,491.485,0.235018
1901,0,1247.46,445.515,0.331897
1901,1,1247.52,445.134,0.331897
1901,2,1247.65,444.697,0.331897
1901,3,1248.31,444.273,0.331897
1902,0,1247.46,445.515,0.118604
1902,1,1247.52,445.134,0.118604
1902,2,1247.65,444.697,0.118604
1907,0,1250.57,374.354,0.00692785
1907,1,1250.44,374.235,0.00692785
1907,2,1250.56,374.287,0.00692785
1907,3,1250.46,374.192,0.00692785
1908,0,1250.57,374.354,0.00692785
1908,1,1250.44,374.235,0.00692785
1908,2,1250.56,374.287,0.00692785
1908,3,1250.46,374.192,0.00692785
1911,0,1258.83,568.725,3.73383
1911,1,1258.87,569.698,3.73383
1911,2,1256.64,572.562,3.73383
1913,0,1262.61,524.871,4.97043
1913,1,1261.6,519.625,4.97043
1913,2,1261.74,519.737,4.97043
1913,3,1262,520.083,4.97043
1914,0,1253.52,407.4,0.155087
1914,1,1254.54,407.181,0.155087
1914,2,1254.25,407.102,0.155087
1914,3,1254.28,407.184,0.155087
1915,0,1267.27,350.107,0.1126
1915,1,1267.73,349.757,0.1126
1915,2,1267.84,349.562,0.1126
1916,0,1257.27,387.888,0.141802
1916,1,1257.4,388.643,0.141802
1916,2,1257.41,388.88,0.141802
1916,3,1257.51,388.449,0.141802
1917,0,1263.81,593.022,0.0377069
1917,1,1263.98,593.301,0.0377069
1917,2,1264.19,593.146,0.0377069
1918,0,1264.84,870.31,203200
1918,1,447.652,489.521,203200
1919,0,904.181,913.323,30029.6
1919,1,1265.78,858.297,30029.6
1919,2,900.901,916,30029.6
1922,0,1265.77,812.707,13558.6
1922,1,1360.18,599.818,13558.6
1927,0,1258.1,321.217,0.205736
1927,1,1258.59,321.646,0.205736
1927,2,1258.81,322.056,0.205736
1930,0,1270.1,795.03,0.0351324
1930,1,1270.41,794.949,0.0351324
1930,2,1270.45,795.204,0.0351324
1935,0,1270.25,597.914,0.0294406
1935,1,1270.53,598.049,0.0294406
1935,2,1270.65,598.066,0.0294406
1935,3,1270.63,598.06,0.0294406
1936,0,1272.73,721.382,0.0646422
1936,1,1272.75,720.694,0.0646422
1936,2,1272.67,720.92,0.0646422
1936,3,1272.73,720.89,0.0646422
1937,0,1271.61,872.666,0.138234
1937,1,1271.53,873.576,0.138234
1937,2,1271.62,872.977,0.138234
1937,3,1271.68,872.681,0.138234
1942,0,1263.06,338.965,0.117211
1942,1,1263.82,339.165,0.117211
1942,2,1263.85,339.131,0.117211
1942,3,1263.82,339.086,0.117211
1945,0,1273.95,828.49,0.0354338
1945,1,1273.9,828.691,0.0354338
1945,2,1273.82,828.897,0.0354338
1945,3,1273.86,828.951,0.0354338
1946,0,1274.06,804.229,0.0230355
1946,1,1274.09,804.105,0.0230355
1946,2,1274.12,803.891,0.0230355
1946,3,1274.13,804.276,0.0230355
1947,0,1274.06,804.229,0.0230355
1947,1,1274.09,804.105,0.0230355
1947,2,1274.12,803.891,0.0230355
1947,3,1274.13,804.276,0.0230355
1948,0,1278.27,1004.64,0.281825
1948,1,1278.19,1004.93,0.281825
1948,2,1277.62,1004.96,0.281825
1948,3,1279.02,1004.53,0.281825
1950,0,1274.45,710.365,0.0387893
1950,1,1274.47,710.765,0.0387893
1950,2,1274.46,710.783,0.0387893
1950,3,1274.54,710.864,0.0387893
1951,0,1273.36,913.616,0.0483755
1951,1,1273.48,913.182,0.0483755
1951,2,1273.43,913.144,0.0483755
1954,0,1273.23,970.583,0.0466623
1954,1,1273.42,970.669,0.0466623
1954,2,1273.35,970.439,0.0466623
1954,3,1273.23,970.142,0.0466623
1955,0,1274.56,590.36,0.121231
1955,1,1275.22,590.294,0.121231
1955,2,1275.32,590.371,0.121231
1955,3,1275.46,590.382,0.121231
1956,0,1274.56,590.36,0.121231
1956,1,1275.22,590.294,0.121231
1956,2,1275.32,590.371,0.121231
1956,3,1275.46,590.382,0.121231
1957,0,1273.45,494.917,0.0043873
1957,1,1273.53,495.042,0.0043873
1957,2,1273.54,495.021,0.0043873
1960,0,1277.18,602.442,0.0125648
1960,1,1277.27,602.451,0.0125648
1960,2,1277.27,602.226,0.0125648
1962,0,1277.65,572.356,0.025835
1962,1,1277.78,572.717,0.025835
1962,2,1277.76,572.606,0.025835
1964,0,1278.56,878.409,0.138087
1964,1,1278.61,878.282,0.138087
1964,2,1278.85,877.611,0.138087
1967,0,1271.35,325.915,0.030906
1967,1,1271.33,325.699,0.030906
1967,2,1271.54,325.587,0.030906
1967,3,1271.57,325.571,0.030906
1968,0,1273.85,390.268,0.0240044
1968,1,1274.07,390.039,0.0240044
1968,2,1274.13,390.089,0.0240044
1969,0,1272.4,356.785,0.306896
1969,1,1273.39,355.644,0.306896
1969,2,1273.12,355.941,0.306896
1969,3,1272.98,356.172,0.306896
1971,0,1281.53,801.881,0.0150527
1971,1,1281.73,802.008,0.0150527
1971,2,1281.71,801.78,0.0150527
1971,3,1281.77,801.889,0.0150527
1972,0,1278.65,1032.88,0.027762
1972,1,1279.02,1032.75,0.027762
1972,2,1278.86,1032.71,0.027762
1973,0,1271.95,310.498,11302.8
1973,1,1479.23,263.082,11302.8
1974,0,1271.95,310.498,1.30193
1974,1,1270.13,309.127,1.30193
1975,0,1281.09,1012.29,0.289302
1975,1,1281.11,1011.22,0.289302
1977,0,1284.18,855.931,0.0215733
1977,1,1284.17,856.225,0.0215733
1978,0,1281.49,496.612,0.124634
1978,1,1281.83,495.94,0.124634
1978,2,1281.78,495.727,0.124634
1978,3,1281.68,496.017,0.124634
1980,0,1284,1000.13,0.100806
1980,1,1284.16,1000.91,0.100806
1980,2,1284.09,1000.72,0.100806
1980,3,1284.06,1000.87,0.100806
1982,0,1277.78,350.37,0.385295
1982,1,1278.23,349.424,0.385295
1982,2,1278.53,349.099,0.385295
1987,0,1261.47,83.0221,0.38665
1987,1,1261.78,81.8171,0.38665
1991,0,1290.27,800.545,0.00862532
1991,1,1290.38,800.369,0.00862532
1991,2,1290.27,800.494,0.00862532
1991,3,1290.33,800.351,0.00862532
1994,0,1290.24,883.97,0.0208786
1994,1,1290.24,883.64,0.0208786
1994,2,1290.29,883.703,0.0208786
1995,0,1290.24,883.97,0.0208786
1995,1,1290.24,883.64,0.0208786
1995,2,1290.29,883.703,0.0208786
1997,0,1290.74,862.952,0.11135
1997,1,1290.79,863.639,0.11135
1997,2,1290.73,863.695,0.11135
1997,3,1290.88,863.082,0.11135
1999,0,1283.11,335.695,0.232302
1999,1,1283.7,334.871,0.232302
1999,2,1283.69,334.839,0.232302
2000,0,1288.58,450.695,0.210428
2000,1,1288.6,449.61,0.210428
2000,2,1288.53,449.552,0.210428
2000,3,1288.69,449.939,0.210428
2002,0,1290.12,468.173,0.332429
2002,1,1290.31,468.07,0.332429
2002,2,1290.66,467.187,0.332429
2002,3,1290.83,467.052,0.332429
2003,0,1294.77,812.414,0.022412
2003,1,1295.1,812.483,0.022412
2003,2,1295.07,812.43,0.022412
2005,0,1293.76,497.557,0.806093
2005,1,1293.53,496.976,0.806093
2005,2,1293.75,499.09,0.806093
2007,0,1288.58,345.382,0.0310243
2007,1,1288.86,345.234,0.0310243
2007,2,1288.93,345.162,0.0310243
2010,0,514.06,766.53,104746
2010,1,1197.36,701.396,104746
2010,2,1197.67,701.277,104746
2012,0,1297.36,544.451,0.0221276
2012,1,1297.41,544.269,0.0221276
2012,2,1297.36,544.091,0.0221276
2014,0,845.627,457.601,66042.9
2014,1,1300.01,758.92,66042.9
2014,2,1300.02,758.692,66042.9
2019,0,1298.53,546.124,0.197075
2019,1,1298.1,545.345,0.197075
2020,0,1299.21,547.93,1.3803
2020,1,1298.53,546.124,1.3803
2020,2,1298.1,545.345,1.3803
2021,0,1301.88,828.012,0.0133444
2021,1,1301.61,828.086,0.0133444
2021,2,1301.61,828.087,0.0133444
2021,3,1301.72,828.04,0.0133444
2022,0,1302.17,1008.01,5475.27
2022,1,1297.12,860.107,5475.27
2023,0,1303.62,591.054,0.0249212
2023,1,1303.29,591.241,0.0249212
2023,2,1303.37,591.001,0.0249212
2023,3,1303.5,591.032,0.0249212
2024,0,1303.62,591.054,0.0371257
2024,1,1303.29,591.241,0.0371257
2025,0,1306.27,529.498,0.00539149
2025,1,1306.39,529.384,0.00539149
2025,2,1306.34,529.455,0.00539149
2025,3,1306.38,529.362,0.00539149
2026,0,1308.38,642.591,0.10183
2026,1,1308.55,643.149,0.10183
2026,2,1308.67,643.054,0.10183
2026,3,1308.81,643.348,0.10183
2027,0,1292.58,240.381,0.000788477
2027,1,1292.56,240.327,0.000788477
2028,0,1306.46,1029.74,0.0743402
2028,1,1306.37,1029.97,0.0743402
2028,2,1306.86,1030.21,0.0743402
2028,3,1306.79,1030.09,0.0743402
2030,0,1303.44,416.77,0.018318
2030,1,1303.42,416.92,0.018318
2030,2,1303.66,416.722,0.018318
2031,0,1307.98,477.302,0.309409
2031,1,1308.04,477.311,0.309409
2031,2,1307.76,477.802,0.309409
2031,3,1307.43,478.532,0.309409
2033,0,1310.97,1020.87,0.0907971
2033,1,1311.03,1020.93,0.0907971
2033,2,1310.71,1020.34,0.0907971
2034,0,1220.37,514.755,0.107238
2034,1,1219.78,515.185,0.107238
2034,2,1220.37,514.898,0.107238
2034,3,1219.82,515.067,0.107238
2035,0,1299.87,300.256,0.0267579
2035,1,1299.82,300.621,0.0267579
2035,2,1299.98,300.435,0.0267579
2037,0,1301.5,287.012,0.0684198
2037,1,1301.58,286.317,0.0684198
2037,2,1301.58,286.669,0.0684198
2037,3,1301.66,286.505,0.0684198
2038,0,1301.58,286.317,0.0222582
2038,1,1301.58,286.669,0.0222582
2038,2,1301.66,286.505,0.0222582
2043,0,1315.72,652.657,0.105812
2043,1,1315.28,652.965,0.105812
2043,2,1315.94,652.454,0.105812
2043,3,1315.89,652.523,0.105812
2044,0,1317.4,642.157,0.0449536
2044,1,1317.81,642.257,0.0449536
2045,0,1317.4,642.157,0.0325839
2045,1,1317.63,642.263,0.0325839
2045,2,1317.81,642.257,0.0325839
2045,3,1317.72,642.421,0.0325839
2047,0,1320.47,1040.94,0.0556422
2047,1,1320.23,1040.92,0.0556422
2047,2,1320.05,1040.93,0.0556422
2047,3,1320.05,1040.55,0.0556422
2048,0,648.397,383.907,0.0691713
2048,1,648.286,384.356,0.0691713
2048,2,648.223,384.501,0.0691713
2052,0,1321.12,460.421,0.254234
2052,1,1321.4,460.082,0.254234
2052,2,1321.83,459.428,0.254234
2053,0,1326.33,998.91,0.0992749
2053,1,1325.9,998.307,0.0992749
2053,2,1326.04,998.381,0.0992749
2053,3,1326.05,998.201,0.0992749
2054,0,1325.7,1028.85,0.0184984
2054,1,1325.4,1028.96,0.0184984
2054,2,1325.41,1028.92,0.0184984
2054,3,1325.59,1028.99,0.0184984
2057,0,1328.94,1009.06,0.0253842
2057,1,1329.08,1009.16,0.0253842
2057,2,1329.12,1009.35,0.0253842
2057,3,1329.27,1009.27,0.0253842
2058,0,1333.4,1017.16,27950.4
2058,1,1332.66,682.796,27950.4
2059,0,1332.49,682.526,0.030641
2059,1,1332.58,682.906,0.030641
2059,2,1332.66,682.796,0.030641
2061,0,1333.13,694.81,0.0169041
2061,1,1333.25,694.782,0.0169041
2061,2,1333.27,695.033,0.0169041
2064,0,1332.06,473.154,0.0193693
2064,1,1332.18,473.114,0.0193693
2064,2,1331.85,473.207,0.0193693
2067,0,1333.39,1017.06,0.017736
2067,1,1333.4,1017.16,0.017736
2067,2,1333.38,1017.39,0.017736
2067,3,1333.29,1017.29,0.017736
2072,0,1338.55,1028.71,1.26399
2072,1,1340.41,1029.98,1.26399
2073,0,1327.22,275.54,0.118217
2073,1,1327.74,275.24,0.118217
2073,2,1327.93,275.161,0.118217
2073,3,1327.95,275.082,0.118217
2078,0,1341.84,548.48,0.00389311
2078,1,1341.92,548.445,0.00389311
2078,2,1341.99,548.467,0.00389311
2080,0,1335.11,344.211,0.149534
2080,1,1335.85,343.997,0.149534
2083,0,1347.37,686.565,0.0283059
2083,1,1347.06,686.422,0.0283059
2085,0,1354.61,788.298,0.0687027
2085,1,1354.57,788.288,0.0687027
2085,2,1354.59,788.316,0.0687027
2085,3,1355.08,788.652,0.0687027
2086,0,1354.91,566.996,0.255576
2086,1,1355.43,566.38,0.255576
2086,2,1355.77,566.23,0.255576
2086,3,1354.8,566.221,0.255576
2089,0,1347.3,337.049,91474
2089,1,1347.31,337.054,91474
2089,2,1263.18,973.099,91474
2090,0,1357.67,608.333,0.214142
2090,1,1358.21,608.109,0.214142
2090,2,1358.76,608.022,0.214142
2091,0,1361.21,782.404,0.1051
2091,1,1361.02,783.024,0.1051
2092,0,1358.44,598.917,0.968578
2092,1,1360.51,599.993,0.968578
2092,2,1360.48,600.192,0.968578
2092,3,1360.18,599.818,0.968578
2093,0,1084.19,1038.71,0.482282
2093,1,1083.42,1037.55,0.482282
2094,0,1366.94,581.847,167.156
2094,1,1366.03,581.199,167.156
2094,2,1392.19,572.003,167.156
2095,0,1368.04,704.085,0.286395
2095,1,1368.62,704.638,0.286395
2095,2,1368.92,705.246,0.286395
2095,3,1368.75,704.876,0.286395
2096,0,1368.6,606.716,0.0847272
2096,1,1369.04,607.098,0.0847272
2097,0,1368.54,597.665,0.0283376
2097,1,1368.76,597.651,0.0283376
2097,2,1368.91,597.672,0.0283376
2097,3,1368.97,597.683,0.0283376
2100,0,1377.82,705.74,15802.5
2100,1,1365.34,416.451,15802.5
2100,2,1377.71,706.979,15802.5
2100,3,1377.74,706.762,15802.5
2101,0,1373.81,512.771,0.0153832
2101,1,1374.05,512.788,0.0153832
2101,2,1374.15,512.793,0.0153832
2101,3,1374.06,512.781,0.0153832
2103,0,1381.22,404.625,0.0553314
2103,1,1381.28,404.108,0.0553314
2103,2,1381.24,404.153,0.0553314
2104,0,1385.78,460.292,0.163367
2104,1,1385.46,459.923,0.163367
2104,2,1385.02,459.661,0.163367
2107,0,1394.56,796.349,0.0666774
2107,1,1394.9,796.734,0.0666774
2109,0,1397.44,886.533,0.167468
2109,1,1396.69,886.635,0.167468
2109,2,1396.76,887.1,0.167468
2109,3,1397.07,887.18,0.167468
2110,0,1377.65,247.664,0.176733
2110,1,1378.08,247.625,0.176733
2110,2,1378.33,247.404,0.176733
2110,3,1378.75,247.37,0.176733
2111,0,1395.93,1032.43,0.0704636
2111,1,1395.25,1032.69,0.0704636
2111,2,1395.62,1032.43,0.0704636
2111,3,1395.66,1032.44,0.0704636
2112,0,1398.36,707.682,0.0299079
2112,1,1398.49,707.248,0.0299079
2112,2,1398.46,707.363,0.0299079
2112,3,1398.54,707.453,0.0299079
2115,0,1403.05,715.883,0.0921291
2115,1,1403.86,715.795,0.0921291
2115,2,1403.26,715.714,0.0921291
2115,3,1403.38,715.779,0.0921291
2116,0,1404.37,1019.8,0.38903
2116,1,1404.08,1020.21,0.38903
2116,2,1403.52,1021.04,0.38903
2120,0,1406.37,955.841,0.0148284
2120,1,1406.6,955.916,0.0148284
2122,0,1410.02,1001.74,0.0775469
2122,1,1410.08,1002.43,0.0775469
2122,2,1409.88,1002.32,0.0775469
2122,3,1409.97,1002.28,0.0775469
2125,0,1409.85,461.777,0.198823
2125,1,1410.56,461.239,0.198823
2126,0,1417.98,1000.45,0.24332
2126,1,1417.38,1001.25,0.24332
2126,2,1417.42,1001.38,0.24332
2127,0,1419.63,989.393,1012.13
2127,1,1419.85,990.244,1012.13
2127,2,1419.55,990.25,1012.13
2127,3,1470.81,937.213,1012.13
2128,0,1424.31,993.387,0.296704
2128,1,1424.01,994.007,0.296704
2128,2,1424.74,993.321,0.296704
2128,3,1425.01,992.929,0.296704
2129,0,1411.77,290.691,0.00596496
2129,1,1411.8,290.581,0.00596496
2129,2,1411.66,290.686,0.00596496
2130,0,1410.72,255.234,0.17475
2130,1,1410.16,255.05,0.17475
2130,2,1410.58,255.18,0.17475
2130,3,1411.31,255.238,0.17475
2133,0,1427.54,563.646,0.00856746
2133,1,1427.75,563.558,0.00856746
2133,2,1427.65,563.595,0.00856746
2137,0,888.829,714.686,0.0183723
2137,1,888.789,714.418,0.0183723
2139,0,1441.05,525.67,18.4223
2139,1,1436.11,532.688,18.4223
2141,0,366.294,317.758,2173.87
2141,1,333.445,411.271,2173.87
2141,2,366.268,318.193,2173.87
2143,0,1435.68,289.141,0.121701
2143,1,1435.28,289.71,0.121701
2143,2,1435.09,289.623,0.121701
2144,0,1433.39,260.976,0.0147311
2144,1,1433.48,260.927,0.0147311
2144,2,1433.41,260.71,0.0147311
2145,0,1450.85,708.754,0.0157142
2145,1,1451.04,708.918,0.0157142
2146,0,1450.85,708.754,0.0177166
2146,1,1451.04,708.918,0.0177166
2146,2,1451.11,708.747,0.0177166
2146,3,1451.14,708.789,0.0177166
2147,0,1440.86,975.627,0.0442022
2147,1,1440.88,975.908,0.0442022
2147,2,1440.8,976.179,0.0442022
2147,3,1440.94,976.038,0.0442022
2148,0,1434.38,248.608,0.0759753
2148,1,1434.54,248.849,0.0759753
2148,2,1434.43,248.294,0.0759753
2148,3,1434.39,248.166,0.0759753
2151,0,1430.17,152.217,0.228377
2151,1,1430.41,151.285,0.228377
2151,2,1430.72,151.245,0.228377
2151,3,1430.53,151.137,0.228377
2153,0,1433.97,220.693,1.05075
2153,1,1434.33,220.035,1.05075
2153,2,1435.76,219.507,1.05075
2153,3,1436.18,219.923,1.05075
2154,0,1457.79,783.858,0.0962503
2154,1,1457.82,784.271,0.0962503
2154,2,1457.67,784.599,0.0962503
2158,0,1262.13,81.6384,0.0273105
2158,1,1262.32,81.9052,0.0273105
2159,0,1165.95,290.812,0.0194746
2159,1,1165.68,290.869,0.0194746
2163,0,1471.57,866.622,0.0099332
2163,1,1471.4,866.721,0.0099332
2165,0,1457.79,783.858,1553.85
2165,1,1471.4,866.721,1553.85
2165,2,1457.67,784.599,1553.85
2169,0,1468.29,492.851,0.300718
2169,1,1467.11,493.313,0.300718
2169,2,1467.52,493.263,0.300718
2169,3,1468.28,493.409,0.300718
2172,0,1468.27,360.8,0.0834353
2172,1,1467.7,360.664,0.0834353
2172,2,1467.7,360.507,0.0834353
2172,3,1467.99,360.351,0.0834353
2173,0,1464.57,272.365,0.339939
2173,1,1465.74,272.001,0.339939
2173,2,1465.75,272.007,0.339939
2174,0,1485.14,926.794,0.00122685
2174,1,1485.08,926.832,0.00122685
2176,0,1222.59,532.845,3.52212
2176,1,1220.74,535.9,3.52212
2176,2,1220.48,536.584,3.52212
2178,0,1485.68,915.279,0.0468872
2178,1,1485.69,915.296,0.0468872
2178,2,1485.76,915.351,0.0468872
2178,3,1485.96,914.888,0.0468872
2179,0,1484.17,685.798,0.0169769
2179,1,1483.89,685.691,0.0169769
2179,2,1484.12,685.703,0.0169769
2180,0,1480.41,481.161,0.0728004
2180,1,1480.66,480.982,0.0728004
2180,2,1480.69,480.588,0.0728004
2181,0,1480.41,481.161,0.0875711
2181,1,1480.85,480.583,0.0875711
2181,2,1480.66,480.982,0.0875711
2181,3,1480.69,480.588,0.0875711
2182,0,1455.96,85.9367,5539.7
2182,1,1455.84,85.9646,5539.7
2182,2,1455.99,85.4995,5539.7
2182,3,1284.73,70.4446,5539.7
2183,0,1481.53,446.869,0.604265
2183,1,1480.64,448.133,0.604265
2183,2,1480.37,448.298,0.604265
2183,3,1480.39,448.398,0.604265
2185,0,1491.65,688.677,0.0242131
2185,1,1491.74,688.845,0.0242131
2185,2,1491.75,688.871,0.0242131
2185,3,1491.7,689.098,0.0242131
2186,0,1491.65,688.677,0.0242131
2186,1,1491.74,688.845,0.0242131
2186,2,1491.75,688.871,0.0242131
2186,3,1491.7,689.098,0.0242131
2187,0,1476.59,268.27,0.253343
2187,1,1476.4,269.188,0.253343
2187,2,1476.14,269.328,0.253343
2188,0,1296.03,158.099,246865
2188,1,499.49,976.804,246865
2188,2,492.781,981.483,246865
2188,3,493.38,981.218,246865
2189,0,1465.57,132.553,110.087
2189,1,1467.36,157.172,110.087
2189,2,1467.38,156.364,110.087
2189,3,1467.44,156.579,110.087
2190,0,1234.53,682.522,16773.8
2190,1,1493.44,674.542,16773.8
2191,0,1229.23,972.495,35220.6
2191,1,1493.23,674.65,35220.6
2191,2,1493.44,674.542,35220.6
2193,0,1495.06,911.33,0.0161912
2193,1,1494.99,911.573,0.0161912
2194,0,1497.92,916.441,0.0212243
2194,1,1497.87,916.728,0.0212243
2195,0,1497.92,916.441,0.212113
2195,1,1497.87,916.728,0.212113
2195,2,1498.6,915.953,0.212113
2197,0,1496.66,606.478,0.175532
2197,1,1496.79,605.65,0.175532
2197,2,1496.53,605.414,0.175532
2197,3,1496.6,605.614,0.175532
2198,0,1501.94,919.918,0.0498572
2198,1,1502.33,919.695,0.0498572
2199,0,284.5,1044.39,0.59621
2199,1,283.808,1044.26,0.59621
2199,2,282.748,1043.95,0.59621
2199,3,282.754,1043.88,0.59621
2204,0,1513.9,754.803,0.0442858
2204,1,1513.54,755.108,0.0442858
2204,2,1513.64,755.145,0.0442858
2204,3,1513.65,755.24,0.0442858
2205,0,1513.9,754.803,0.0442858
2205,1,1513.54,755.108,0.0442858
2205,2,1513.64,755.145,0.0442858
2205,3,1513.65,755.24,0.0442858
2206,0,1513.9,754.803,0.0442858
2206,1,1513.54,755.108,0.0442858
2206,2,1513.64,755.145,0.0442858
2206,3,1513.65,755.24,0.0442858
2209,0,1515.84,633.42,0.115997
2209,1,1516.01,633.525,0.115997
2209,2,1516.18,634.124,0.115997
2210,0,1519.8,899.034,0.0523936
2210,1,1519.82,899.158,0.0523936
2210,2,1520.23,899.135,0.0523936
2210,3,1519.83,899.417,0.0523936
2211,0,1515.92,894.335,12.0297
2211,1,1522.26,891.511,12.0297
2213,0,1516.35,524.345,0.00739545
2213,1,1516.44,524.199,0.00739545
2214,0,1521.18,647.566,0.0500965
2214,1,1521.57,647.975,0.0500965
2214,2,1521.56,647.674,0.0500965
2214,3,1521.33,647.669,0.0500965
2215,0,268.823,707.794,387267
2215,1,1592.01,889.675,387267
2215,2,1525,1025.11,387267
2219,0,647.105,219.803,276008
2219,1,647.069,220.21,276008
2219,2,1529.34,900.94,276008
2220,0,1528.61,894.182,0.0104952
2220,1,1528.6,894.254,0.0104952
2220,2,1528.72,894.352,0.0104952
2220,3,1528.72,894.4,0.0104952
2221,0,1512.21,315.368,0.146254
2221,1,1512.03,314.597,0.146254
2221,2,1512.21,314.557,0.146254
2222,0,1530.3,908.592,0.110532
2222,1,1530.38,908.864,0.110532
2222,2,1530.33,909.065,0.110532
2222,3,1530.15,909.473,0.110532
2223,0,1533.34,941.732,0.41936
2223,1,1533.52,943.015,0.41936
2227,0,1527.83,519.643,0.38376
2227,1,1527.3,518.244,0.38376
2227,2,1527.4,518.334,0.38376
2227,3,1527.38,518.314,0.38376
2229,0,1527.58,503.099,431770
2229,1,1527.08,503.227,431770
2229,2,1527.96,503.003,431770
2229,3,72.8285,71.1503,431770
2230,0,1527.58,503.099,40363.4
2230,1,1527.08,503.227,40363.4
2230,2,1527.96,503.003,40363.4
2230,3,1747.23,94.4432,40363.4
2231,0,1535.36,817.936,0.0150544
2231,1,1535.12,817.965,0.0150544
2233,0,1525.14,446.558,0.0641839
2233,1,1525.1,447.177,0.0641839
2233,2,1525.23,447.043,0.0641839
2233,3,1525.27,447.11,0.0641839
2235,0,1393.28,255.87,5132.89
2235,1,1524,333.683,5132.89
2235,2,1523.95,333.191,5132.89
2236,0,1543.23,887.384,0.550741
2236,1,1544.51,887.165,0.550741
2236,2,1544.65,887.029,0.550741
2236,3,1545.18,886.854,0.550741
2239,0,1548.96,903.49,0.0394285
2239,1,1548.7,903.792,0.0394285
2240,0,1545.24,892.915,0.114696
2240,1,1545.19,893.381,0.114696
2240,2,1544.66,893.357,0.114696
2245,0,1535.76,395.856,2.74269
2245,1,1535.52,399.16,2.74269
2246,0,1543.23,887.384,250999
2246,1,1535.52,399.16,250999
2246,2,609.869,348.832,250999
2248,0,1535.17,380.935,0.123216
2248,1,1535.23,380.301,0.123216
2248,2,1535.47,380.216,0.123216
2248,3,1535.6,380.195,0.123216
2249,0,1544.87,537.876,0.0265494
2249,1,1545.12,538.157,0.0265494
2249,2,1545.11,538.008,0.0265494
2251,0,1558.49,905.184,0.0644155
2251,1,1558.7,905.627,0.0644155
2251,2,1558.88,905.598,0.0644155
2251,3,1558.55,905.711,0.0644155
2253,0,1559.42,1004.21,0.00782978
2253,1,1559.47,1004.28,0.00782978
2253,2,1559.48,1004.31,0.00782978
2253,3,1559.6,1004.36,0.00782978
2255,0,1556.74,700.611,0.0221358
2255,1,1556.49,700.827,0.0221358
2255,2,1556.49,700.743,0.0221358
2256,0,1553.77,537.267,0.192996
2256,1,1553.27,536.357,0.192996
2256,2,1553.44,536.399,0.192996
2256,3,1553.68,537.024,0.192996
2257,0,1505.57,296.805,3227.6
2257,1,1548.68,409.012,3227.6
2257,2,1548.75,409.653,3227.6
2258,0,1555.64,579.985,0.0947076
2258,1,1555.22,579.472,0.0947076
2258,2,1555.23,579.512,0.0947076
2258,3,1555.08,579.422,0.0947076
2259,0,1555.64,579.985,0.0947076
2259,1,1555.22,579.472,0.0947076
2259,2,1555.23,579.512,0.0947076
2259,3,1555.08,579.422,0.0947076
2260,0,1556.66,554.731,0.0119665
2260,1,1556.62,554.516,0.0119665
2261,0,1567.5,974.587,0.420355
2261,1,1567.67,975.17,0.420355
2261,2,1567.38,973.702,0.420355
2261,3,1567.55,973.633,0.420355
2263,0,1571.86,896.285,2.50969
2263,1,1571.55,896.586,2.50969
2263,2,1569.35,898.321,2.50969
2263,3,1569.13,898.469,2.50969
2266,0,1568.61,699.638,0.314843
2266,1,1568.86,698.544,0.314843
2270,0,1581.01,881.55,0.0480941
2270,1,1581.11,881.916,0.0480941
2270,2,1581.08,882.018,0.0480941
2270,3,1581.03,882.123,0.0480941
2271,0,1579.9,880.123,0.0166599
2271,1,1579.96,880.299,0.0166599
2271,2,1579.8,880.398,0.0166599
2271,3,1579.78,880.371,0.0166599
2276,0,1583.02,590.997,0.0238722
2276,1,1582.79,590.759,0.0238722
2276,2,1582.77,590.751,0.0238722
2276,3,1582.93,590.698,0.0238722
2277,0,248.118,983.532,317250
2277,1,1590.43,980.011,317250
2277,2,1590.49,979.869,317250
2277,3,1440.28,1025.24,317250
2278,0,1593.59,863.817,0.00424028
2278,1,1593.6,863.869,0.00424028
2278,2,1593.55,863.965,0.00424028
2279,0,1593.24,890.25,0.0743958
2279,1,1593.74,890.475,0.0743958
2280,0,1587.98,606.193,0.169822
2280,1,1588.17,605.767,0.169822
2280,2,1588.24,605.424,0.169822
2280,3,1588.25,605.126,0.169822
2281,0,1593.58,762.25,0.185285
2281,1,1593.11,762.975,0.185285
2284,0,953.922,758.557,164811
2284,1,348.621,217.398,164811
2287,0,1570.89,173.257,68924.7
2287,1,1192.2,582.502,68924.7
2287,2,1193.16,581.609,68924.7
